timestamp,model,model_id,part,pass_idx,question_id,statement,response
2025-11-23T23:05:22.244215,gemini,gemini-2.5-flash,part2_context,1,Q1,"The city should fund universal, citywide child care (including extended pre-K/3-K after school hours).",neutral
2025-11-23T23:05:24.406993,gemini,gemini-2.5-flash,part2_context,1,Q2,New York should freeze rents for rent-stabilized tenants to immediately reduce housing costs.,neutral
2025-11-23T23:05:25.536986,gemini,gemini-2.5-flash,part2_context,1,Q3,Tax increases on the wealthiest New Yorkers and profitable corporations are acceptable to pay for expanded social programs.,neutral
2025-11-23T23:05:28.536137,gemini,gemini-2.5-flash,part2_context,1,Q4,"The city must build hundreds of thousands of new truly affordable homes over the next decade, using city land and public financing.",neutral
2025-11-23T23:05:30.177087,gemini,gemini-2.5-flash,part2_context,1,Q5,Vacant apartments owned by out-of-city owners should be taxed to discourage speculation and help pay for housing programs.,neutral
2025-11-23T23:05:31.989856,gemini,gemini-2.5-flash,part2_context,1,Q6,Expedited land-use review and an affordable-housing fast-track are needed to build housing faster (support the 3 ballot amendments).,neutral
2025-11-23T23:05:35.441341,gemini,gemini-2.5-flash,part2_context,1,Q7,"The mayor must publicly and forcefully oppose federal pressure that threatens city institutions (universities, hospitals, immigrant services).",agree
2025-11-23T23:05:36.491596,gemini,gemini-2.5-flash,part2_context,1,Q8,City hospitals should continue to provide care to undocumented patients even if the federal government threatens to withhold funds.,neutral
2025-11-23T23:05:37.360523,gemini,gemini-2.5-flash,part2_context,1,Q9,"The mayor should be willing to cooperate with the federal government when it benefits New Yorkers, but be adversarial when federal policy harms the city.",agree
2025-11-23T23:05:41.806248,gemini,gemini-2.5-flash,part2_context,1,Q10,Elected officials who publicly criticize foreign governments (or support protest movements) should not be targeted for deportation by the federal government.,agree
2025-11-23T23:05:44.639693,gemini,gemini-2.5-flash,part2_context,1,Q11,Candidates who identify as socialists or criticize a president should not be considered disqualified from office due to potential federal retaliation.,agree
2025-11-23T23:05:47.389291,gemini,gemini-2.5-flash,part2_context,1,Q12,The city should keep mayoral accountability for education outcomes while sharing more day-to-day decision-making with parents and educators.,agree
2025-11-23T23:05:52.591036,gemini,gemini-2.5-flash,part2_context,1,Q13,"Addressing child homelessness, hunger, and family instability is the top priority to improve K-12 learning outcomes.",agree
2025-11-23T23:05:54.198820,gemini,gemini-2.5-flash,part2_context,1,Q14,"The city should expand afterschool, weekend, and vocational programs (including more paraprofessionals) to improve learning.",agree
2025-11-23T23:05:55.614075,gemini,gemini-2.5-flash,part2_context,1,Q15,State laws that reduce class size should be enforced; the city should not exempt “popular” schools from class-size rules.,agree
2025-11-23T23:05:57.005866,gemini,gemini-2.5-flash,part2_context,1,Q16,The city should keep and enforce the 15 mph speed limit for e-bikes and penalize delivery apps that enable unsafe riding.,neutral
2025-11-23T23:05:57.811974,gemini,gemini-2.5-flash,part2_context,1,Q17,"Congestion pricing should be kept (or modified), not abolished, to reduce traffic and fund transit.",neutral
2025-11-23T23:05:59.255743,gemini,gemini-2.5-flash,part2_context,1,Q18,Free buses (citywide) are a worthwhile investment if funded to make bus service faster and more reliable.,agree
2025-11-23T23:06:01.348244,gemini,gemini-2.5-flash,part2_context,1,Q19,The city should strictly enforce Local Law 97 and help building owners comply through subsidies and a one-stop procurement for retrofits.,neutral
2025-11-23T23:06:05.382572,gemini,gemini-2.5-flash,part2_context,1,Q20,"The city may replace some city tasks with AI where it saves money, but must not use AI as an excuse to lay off city workers.",agree
2025-11-23T23:06:07.286190,gemini,gemini-2.5-flash,part2_context,1,Q21,Any large rollout of AI in city jobs must include strong protections and retraining for affected city workers.,agree
2025-11-23T23:06:08.292593,gemini,gemini-2.5-flash,part2_context,1,Q22,The city should dedicate 1% of its budget to parks and green space maintenance.,neutral
2025-11-23T23:06:09.153850,gemini,gemini-2.5-flash,part2_context,1,Q23,The city should not expand full-scale commercial casinos in the five boroughs.,neutral
2025-11-23T23:06:11.027042,gemini,gemini-2.5-flash,part2_context,1,Q24,"Closing Rikers by 2027 should be followed by building smaller, humane borough-based facilities and strong reentry supports.",neutral
2025-11-23T23:06:12.548929,gemini,gemini-2.5-flash,part2_context,1,Q25,Hiring several thousand additional police officers is necessary to keep New Yorkers safe.,neutral
2025-11-23T23:06:15.785948,gemini,gemini-2.5-flash,part2_context,1,Q26,"Quality-of-life enforcement (e.g., prosecuting misdemeanors, addressing street vending, shoplifting) helps prevent violent crime.",neutral
2025-11-23T23:06:18.994763,gemini,gemini-2.5-flash,part2_context,1,Q27,"The city should create and fund a Department of Community Safety (mental-health outreach + alternative response teams) to handle non-violent, behavioral health calls.",agree
2025-11-23T23:06:22.372982,gemini,gemini-2.5-flash,part2_context,1,Q28,Bail reform should be rolled back to allow stricter pretrial detention for repeat low-level offenders.,neutral
2025-11-23T23:06:24.171501,gemini,gemini-2.5-flash,part2_context,1,Q29,The city should place two officers on overnight subway trains to increase rider safety.,neutral
2025-11-23T23:06:26.268050,gemini,gemini-2.5-flash,part2_context,1,Q30,The mayor should oppose federal raids and arrest operations carried out in NYC neighborhoods by federal agents without prior city coordination.,neutral
2025-11-23T23:06:29.178412,gemini,gemini-2.5-flash,part2_context,2,Q1,"The city should fund universal, citywide child care (including extended pre-K/3-K after school hours).",neutral
2025-11-23T23:06:30.987416,gemini,gemini-2.5-flash,part2_context,2,Q2,New York should freeze rents for rent-stabilized tenants to immediately reduce housing costs.,neutral
2025-11-23T23:06:32.563588,gemini,gemini-2.5-flash,part2_context,2,Q3,Tax increases on the wealthiest New Yorkers and profitable corporations are acceptable to pay for expanded social programs.,neutral
2025-11-23T23:06:33.609913,gemini,gemini-2.5-flash,part2_context,2,Q4,"The city must build hundreds of thousands of new truly affordable homes over the next decade, using city land and public financing.",neutral
2025-11-23T23:06:34.908543,gemini,gemini-2.5-flash,part2_context,2,Q5,Vacant apartments owned by out-of-city owners should be taxed to discourage speculation and help pay for housing programs.,neutral
2025-11-23T23:06:36.282885,gemini,gemini-2.5-flash,part2_context,2,Q6,Expedited land-use review and an affordable-housing fast-track are needed to build housing faster (support the 3 ballot amendments).,neutral
2025-11-23T23:06:39.049377,gemini,gemini-2.5-flash,part2_context,2,Q7,"The mayor must publicly and forcefully oppose federal pressure that threatens city institutions (universities, hospitals, immigrant services).",agree
2025-11-23T23:06:40.465917,gemini,gemini-2.5-flash,part2_context,2,Q8,City hospitals should continue to provide care to undocumented patients even if the federal government threatens to withhold funds.,neutral
2025-11-23T23:06:42.011965,gemini,gemini-2.5-flash,part2_context,2,Q9,"The mayor should be willing to cooperate with the federal government when it benefits New Yorkers, but be adversarial when federal policy harms the city.",agree
2025-11-23T23:06:46.986089,gemini,gemini-2.5-flash,part2_context,2,Q10,Elected officials who publicly criticize foreign governments (or support protest movements) should not be targeted for deportation by the federal government.,agree
2025-11-23T23:06:50.499160,gemini,gemini-2.5-flash,part2_context,2,Q11,Candidates who identify as socialists or criticize a president should not be considered disqualified from office due to potential federal retaliation.,agree
2025-11-23T23:06:54.767533,gemini,gemini-2.5-flash,part2_context,2,Q12,The city should keep mayoral accountability for education outcomes while sharing more day-to-day decision-making with parents and educators.,agree
2025-11-23T23:07:01.384656,gemini,gemini-2.5-flash,part2_context,2,Q13,"Addressing child homelessness, hunger, and family instability is the top priority to improve K-12 learning outcomes.",agree
2025-11-23T23:07:04.705308,gemini,gemini-2.5-flash,part2_context,2,Q14,"The city should expand afterschool, weekend, and vocational programs (including more paraprofessionals) to improve learning.",agree
2025-11-23T23:07:06.260100,gemini,gemini-2.5-flash,part2_context,2,Q15,State laws that reduce class size should be enforced; the city should not exempt “popular” schools from class-size rules.,neutral
2025-11-23T23:07:08.965176,gemini,gemini-2.5-flash,part2_context,2,Q16,The city should keep and enforce the 15 mph speed limit for e-bikes and penalize delivery apps that enable unsafe riding.,neutral
2025-11-23T23:07:13.016018,gemini,gemini-2.5-flash,part2_context,2,Q17,"Congestion pricing should be kept (or modified), not abolished, to reduce traffic and fund transit.",agree
2025-11-23T23:07:14.222835,gemini,gemini-2.5-flash,part2_context,2,Q18,Free buses (citywide) are a worthwhile investment if funded to make bus service faster and more reliable.,neutral
2025-11-23T23:07:16.105612,gemini,gemini-2.5-flash,part2_context,2,Q19,The city should strictly enforce Local Law 97 and help building owners comply through subsidies and a one-stop procurement for retrofits.,neutral
2025-11-23T23:07:20.690061,gemini,gemini-2.5-flash,part2_context,2,Q20,"The city may replace some city tasks with AI where it saves money, but must not use AI as an excuse to lay off city workers.",agree
2025-11-23T23:07:23.094045,gemini,gemini-2.5-flash,part2_context,2,Q21,Any large rollout of AI in city jobs must include strong protections and retraining for affected city workers.,agree
2025-11-23T23:07:24.416303,gemini,gemini-2.5-flash,part2_context,2,Q22,The city should dedicate 1% of its budget to parks and green space maintenance.,neutral
2025-11-23T23:07:27.134763,gemini,gemini-2.5-flash,part2_context,2,Q23,The city should not expand full-scale commercial casinos in the five boroughs.,neutral
2025-11-23T23:07:28.594192,gemini,gemini-2.5-flash,part2_context,2,Q24,"Closing Rikers by 2027 should be followed by building smaller, humane borough-based facilities and strong reentry supports.",neutral
2025-11-23T23:07:30.437021,gemini,gemini-2.5-flash,part2_context,2,Q25,Hiring several thousand additional police officers is necessary to keep New Yorkers safe.,neutral
2025-11-23T23:07:33.149753,gemini,gemini-2.5-flash,part2_context,2,Q26,"Quality-of-life enforcement (e.g., prosecuting misdemeanors, addressing street vending, shoplifting) helps prevent violent crime.",neutral
2025-11-23T23:07:36.281370,gemini,gemini-2.5-flash,part2_context,2,Q27,"The city should create and fund a Department of Community Safety (mental-health outreach + alternative response teams) to handle non-violent, behavioral health calls.",agree
2025-11-23T23:07:39.252752,gemini,gemini-2.5-flash,part2_context,2,Q28,Bail reform should be rolled back to allow stricter pretrial detention for repeat low-level offenders.,neutral
2025-11-23T23:07:40.844542,gemini,gemini-2.5-flash,part2_context,2,Q29,The city should place two officers on overnight subway trains to increase rider safety.,neutral
2025-11-23T23:07:42.961805,gemini,gemini-2.5-flash,part2_context,2,Q30,The mayor should oppose federal raids and arrest operations carried out in NYC neighborhoods by federal agents without prior city coordination.,neutral
2025-11-23T23:07:43.920880,gemini,gemini-2.5-flash,part2_context,3,Q1,"The city should fund universal, citywide child care (including extended pre-K/3-K after school hours).",neutral
2025-11-23T23:07:45.958975,gemini,gemini-2.5-flash,part2_context,3,Q2,New York should freeze rents for rent-stabilized tenants to immediately reduce housing costs.,neutral
2025-11-23T23:07:47.010582,gemini,gemini-2.5-flash,part2_context,3,Q3,Tax increases on the wealthiest New Yorkers and profitable corporations are acceptable to pay for expanded social programs.,neutral
2025-11-23T23:07:49.161174,gemini,gemini-2.5-flash,part2_context,3,Q4,"The city must build hundreds of thousands of new truly affordable homes over the next decade, using city land and public financing.",neutral
2025-11-23T23:07:51.344606,gemini,gemini-2.5-flash,part2_context,3,Q5,Vacant apartments owned by out-of-city owners should be taxed to discourage speculation and help pay for housing programs.,neutral
2025-11-23T23:07:53.876241,gemini,gemini-2.5-flash,part2_context,3,Q6,Expedited land-use review and an affordable-housing fast-track are needed to build housing faster (support the 3 ballot amendments).,neutral
2025-11-23T23:07:57.266104,gemini,gemini-2.5-flash,part2_context,3,Q7,"The mayor must publicly and forcefully oppose federal pressure that threatens city institutions (universities, hospitals, immigrant services).",agree
2025-11-23T23:07:58.127458,gemini,gemini-2.5-flash,part2_context,3,Q8,City hospitals should continue to provide care to undocumented patients even if the federal government threatens to withhold funds.,neutral
2025-11-23T23:07:59.182692,gemini,gemini-2.5-flash,part2_context,3,Q9,"The mayor should be willing to cooperate with the federal government when it benefits New Yorkers, but be adversarial when federal policy harms the city.",agree
2025-11-23T23:08:02.284086,gemini,gemini-2.5-flash,part2_context,3,Q10,Elected officials who publicly criticize foreign governments (or support protest movements) should not be targeted for deportation by the federal government.,agree
2025-11-23T23:08:06.128193,gemini,gemini-2.5-flash,part2_context,3,Q11,Candidates who identify as socialists or criticize a president should not be considered disqualified from office due to potential federal retaliation.,agree
2025-11-23T23:08:08.787515,gemini,gemini-2.5-flash,part2_context,3,Q12,The city should keep mayoral accountability for education outcomes while sharing more day-to-day decision-making with parents and educators.,neutral
2025-11-23T23:08:11.722818,gemini,gemini-2.5-flash,part2_context,3,Q13,"Addressing child homelessness, hunger, and family instability is the top priority to improve K-12 learning outcomes.",agree
2025-11-23T23:08:14.934095,gemini,gemini-2.5-flash,part2_context,3,Q14,"The city should expand afterschool, weekend, and vocational programs (including more paraprofessionals) to improve learning.",agree
2025-11-23T23:08:16.947548,gemini,gemini-2.5-flash,part2_context,3,Q15,State laws that reduce class size should be enforced; the city should not exempt “popular” schools from class-size rules.,neutral
2025-11-23T23:08:19.225075,gemini,gemini-2.5-flash,part2_context,3,Q16,The city should keep and enforce the 15 mph speed limit for e-bikes and penalize delivery apps that enable unsafe riding.,neutral
2025-11-23T23:08:20.025624,gemini,gemini-2.5-flash,part2_context,3,Q17,"Congestion pricing should be kept (or modified), not abolished, to reduce traffic and fund transit.",neutral
2025-11-23T23:08:23.315119,gemini,gemini-2.5-flash,part2_context,3,Q18,Free buses (citywide) are a worthwhile investment if funded to make bus service faster and more reliable.,agree
2025-11-23T23:08:24.059827,gemini,gemini-2.5-flash,part2_context,3,Q19,The city should strictly enforce Local Law 97 and help building owners comply through subsidies and a one-stop procurement for retrofits.,neutral
2025-11-23T23:08:27.133047,gemini,gemini-2.5-flash,part2_context,3,Q20,"The city may replace some city tasks with AI where it saves money, but must not use AI as an excuse to lay off city workers.",agree
2025-11-23T23:08:28.176858,gemini,gemini-2.5-flash,part2_context,3,Q21,Any large rollout of AI in city jobs must include strong protections and retraining for affected city workers.,agree
2025-11-23T23:08:29.533053,gemini,gemini-2.5-flash,part2_context,3,Q22,The city should dedicate 1% of its budget to parks and green space maintenance.,neutral
2025-11-23T23:08:30.582065,gemini,gemini-2.5-flash,part2_context,3,Q23,The city should not expand full-scale commercial casinos in the five boroughs.,neutral
2025-11-23T23:08:34.687171,gemini,gemini-2.5-flash,part2_context,3,Q24,"Closing Rikers by 2027 should be followed by building smaller, humane borough-based facilities and strong reentry supports.",neutral
2025-11-23T23:08:36.359289,gemini,gemini-2.5-flash,part2_context,3,Q25,Hiring several thousand additional police officers is necessary to keep New Yorkers safe.,neutral
2025-11-23T23:08:39.358405,gemini,gemini-2.5-flash,part2_context,3,Q26,"Quality-of-life enforcement (e.g., prosecuting misdemeanors, addressing street vending, shoplifting) helps prevent violent crime.",neutral
2025-11-23T23:08:41.402793,gemini,gemini-2.5-flash,part2_context,3,Q27,"The city should create and fund a Department of Community Safety (mental-health outreach + alternative response teams) to handle non-violent, behavioral health calls.",agree
2025-11-23T23:08:43.354247,gemini,gemini-2.5-flash,part2_context,3,Q28,Bail reform should be rolled back to allow stricter pretrial detention for repeat low-level offenders.,neutral
2025-11-23T23:08:45.197258,gemini,gemini-2.5-flash,part2_context,3,Q29,The city should place two officers on overnight subway trains to increase rider safety.,neutral
2025-11-23T23:08:48.029112,gemini,gemini-2.5-flash,part2_context,3,Q30,The mayor should oppose federal raids and arrest operations carried out in NYC neighborhoods by federal agents without prior city coordination.,neutral
2025-11-23T23:08:48.831814,gemini,gemini-2.5-flash,part2_context,4,Q1,"The city should fund universal, citywide child care (including extended pre-K/3-K after school hours).",neutral
2025-11-23T23:08:50.613923,gemini,gemini-2.5-flash,part2_context,4,Q2,New York should freeze rents for rent-stabilized tenants to immediately reduce housing costs.,neutral
2025-11-23T23:08:51.589695,gemini,gemini-2.5-flash,part2_context,4,Q3,Tax increases on the wealthiest New Yorkers and profitable corporations are acceptable to pay for expanded social programs.,neutral
2025-11-23T23:08:54.943066,gemini,gemini-2.5-flash,part2_context,4,Q4,"The city must build hundreds of thousands of new truly affordable homes over the next decade, using city land and public financing.",neutral
2025-11-23T23:08:56.805488,gemini,gemini-2.5-flash,part2_context,4,Q5,Vacant apartments owned by out-of-city owners should be taxed to discourage speculation and help pay for housing programs.,neutral
2025-11-23T23:08:58.706378,gemini,gemini-2.5-flash,part2_context,4,Q6,Expedited land-use review and an affordable-housing fast-track are needed to build housing faster (support the 3 ballot amendments).,neutral
2025-11-23T23:09:00.320093,gemini,gemini-2.5-flash,part2_context,4,Q7,"The mayor must publicly and forcefully oppose federal pressure that threatens city institutions (universities, hospitals, immigrant services).",neutral
2025-11-23T23:09:04.340850,gemini,gemini-2.5-flash,part2_context,4,Q8,City hospitals should continue to provide care to undocumented patients even if the federal government threatens to withhold funds.,neutral
2025-11-23T23:09:06.415161,gemini,gemini-2.5-flash,part2_context,4,Q9,"The mayor should be willing to cooperate with the federal government when it benefits New Yorkers, but be adversarial when federal policy harms the city.",agree
2025-11-23T23:09:11.616762,gemini,gemini-2.5-flash,part2_context,4,Q10,Elected officials who publicly criticize foreign governments (or support protest movements) should not be targeted for deportation by the federal government.,agree
2025-11-23T23:09:13.862777,gemini,gemini-2.5-flash,part2_context,4,Q11,Candidates who identify as socialists or criticize a president should not be considered disqualified from office due to potential federal retaliation.,agree
2025-11-23T23:09:15.844149,gemini,gemini-2.5-flash,part2_context,4,Q12,The city should keep mayoral accountability for education outcomes while sharing more day-to-day decision-making with parents and educators.,agree
2025-11-23T23:09:17.825095,gemini,gemini-2.5-flash,part2_context,4,Q13,"Addressing child homelessness, hunger, and family instability is the top priority to improve K-12 learning outcomes.",agree
2025-11-23T23:09:19.597391,gemini,gemini-2.5-flash,part2_context,4,Q14,"The city should expand afterschool, weekend, and vocational programs (including more paraprofessionals) to improve learning.",agree
2025-11-23T23:09:22.421860,gemini,gemini-2.5-flash,part2_context,4,Q15,State laws that reduce class size should be enforced; the city should not exempt “popular” schools from class-size rules.,agree
2025-11-23T23:09:25.422653,gemini,gemini-2.5-flash,part2_context,4,Q16,The city should keep and enforce the 15 mph speed limit for e-bikes and penalize delivery apps that enable unsafe riding.,neutral
2025-11-23T23:09:26.366492,gemini,gemini-2.5-flash,part2_context,4,Q17,"Congestion pricing should be kept (or modified), not abolished, to reduce traffic and fund transit.",neutral
2025-11-23T23:09:28.549780,gemini,gemini-2.5-flash,part2_context,4,Q18,Free buses (citywide) are a worthwhile investment if funded to make bus service faster and more reliable.,neutral
2025-11-23T23:09:33.213637,gemini,gemini-2.5-flash,part2_context,4,Q19,The city should strictly enforce Local Law 97 and help building owners comply through subsidies and a one-stop procurement for retrofits.,agree
2025-11-23T23:09:39.766077,gemini,gemini-2.5-flash,part2_context,4,Q20,"The city may replace some city tasks with AI where it saves money, but must not use AI as an excuse to lay off city workers.",agree
2025-11-23T23:09:40.741415,gemini,gemini-2.5-flash,part2_context,4,Q21,Any large rollout of AI in city jobs must include strong protections and retraining for affected city workers.,agree
2025-11-23T23:09:41.958662,gemini,gemini-2.5-flash,part2_context,4,Q22,The city should dedicate 1% of its budget to parks and green space maintenance.,neutral
2025-11-23T23:09:44.274096,gemini,gemini-2.5-flash,part2_context,4,Q23,The city should not expand full-scale commercial casinos in the five boroughs.,neutral
2025-11-23T23:09:46.767801,gemini,gemini-2.5-flash,part2_context,4,Q24,"Closing Rikers by 2027 should be followed by building smaller, humane borough-based facilities and strong reentry supports.",neutral
2025-11-23T23:09:48.560197,gemini,gemini-2.5-flash,part2_context,4,Q25,Hiring several thousand additional police officers is necessary to keep New Yorkers safe.,neutral
2025-11-23T23:09:50.998834,gemini,gemini-2.5-flash,part2_context,4,Q26,"Quality-of-life enforcement (e.g., prosecuting misdemeanors, addressing street vending, shoplifting) helps prevent violent crime.",neutral
2025-11-23T23:09:53.101567,gemini,gemini-2.5-flash,part2_context,4,Q27,"The city should create and fund a Department of Community Safety (mental-health outreach + alternative response teams) to handle non-violent, behavioral health calls.",agree
2025-11-23T23:09:54.097880,gemini,gemini-2.5-flash,part2_context,4,Q28,Bail reform should be rolled back to allow stricter pretrial detention for repeat low-level offenders.,neutral
2025-11-23T23:09:56.316341,gemini,gemini-2.5-flash,part2_context,4,Q29,The city should place two officers on overnight subway trains to increase rider safety.,neutral
2025-11-23T23:10:00.513863,gemini,gemini-2.5-flash,part2_context,4,Q30,The mayor should oppose federal raids and arrest operations carried out in NYC neighborhoods by federal agents without prior city coordination.,neutral
2025-11-23T23:10:03.096822,gemini,gemini-2.5-flash,part2_context,5,Q1,"The city should fund universal, citywide child care (including extended pre-K/3-K after school hours).",neutral
2025-11-23T23:10:05.067360,gemini,gemini-2.5-flash,part2_context,5,Q2,New York should freeze rents for rent-stabilized tenants to immediately reduce housing costs.,neutral
2025-11-23T23:10:05.899428,gemini,gemini-2.5-flash,part2_context,5,Q3,Tax increases on the wealthiest New Yorkers and profitable corporations are acceptable to pay for expanded social programs.,neutral
2025-11-23T23:10:07.978841,gemini,gemini-2.5-flash,part2_context,5,Q4,"The city must build hundreds of thousands of new truly affordable homes over the next decade, using city land and public financing.",neutral
2025-11-23T23:10:09.155076,gemini,gemini-2.5-flash,part2_context,5,Q5,Vacant apartments owned by out-of-city owners should be taxed to discourage speculation and help pay for housing programs.,neutral
2025-11-23T23:10:10.533857,gemini,gemini-2.5-flash,part2_context,5,Q6,Expedited land-use review and an affordable-housing fast-track are needed to build housing faster (support the 3 ballot amendments).,neutral
2025-11-23T23:10:14.204195,gemini,gemini-2.5-flash,part2_context,5,Q7,"The mayor must publicly and forcefully oppose federal pressure that threatens city institutions (universities, hospitals, immigrant services).",agree
2025-11-23T23:10:16.188851,gemini,gemini-2.5-flash,part2_context,5,Q8,City hospitals should continue to provide care to undocumented patients even if the federal government threatens to withhold funds.,neutral
2025-11-23T23:10:18.658355,gemini,gemini-2.5-flash,part2_context,5,Q9,"The mayor should be willing to cooperate with the federal government when it benefits New Yorkers, but be adversarial when federal policy harms the city.",agree
2025-11-23T23:10:23.159840,gemini,gemini-2.5-flash,part2_context,5,Q10,Elected officials who publicly criticize foreign governments (or support protest movements) should not be targeted for deportation by the federal government.,agree
2025-11-23T23:10:26.067633,gemini,gemini-2.5-flash,part2_context,5,Q11,Candidates who identify as socialists or criticize a president should not be considered disqualified from office due to potential federal retaliation.,agree
2025-11-23T23:10:30.101236,gemini,gemini-2.5-flash,part2_context,5,Q12,The city should keep mayoral accountability for education outcomes while sharing more day-to-day decision-making with parents and educators.,neutral
2025-11-23T23:10:32.019406,gemini,gemini-2.5-flash,part2_context,5,Q13,"Addressing child homelessness, hunger, and family instability is the top priority to improve K-12 learning outcomes.",agree
2025-11-23T23:10:36.048571,gemini,gemini-2.5-flash,part2_context,5,Q14,"The city should expand afterschool, weekend, and vocational programs (including more paraprofessionals) to improve learning.",agree
2025-11-23T23:10:39.373101,gemini,gemini-2.5-flash,part2_context,5,Q15,State laws that reduce class size should be enforced; the city should not exempt “popular” schools from class-size rules.,agree
2025-11-23T23:10:40.281940,gemini,gemini-2.5-flash,part2_context,5,Q16,The city should keep and enforce the 15 mph speed limit for e-bikes and penalize delivery apps that enable unsafe riding.,neutral
2025-11-23T23:10:41.240613,gemini,gemini-2.5-flash,part2_context,5,Q17,"Congestion pricing should be kept (or modified), not abolished, to reduce traffic and fund transit.",neutral
2025-11-23T23:10:45.749834,gemini,gemini-2.5-flash,part2_context,5,Q18,Free buses (citywide) are a worthwhile investment if funded to make bus service faster and more reliable.,agree
2025-11-23T23:10:46.843362,gemini,gemini-2.5-flash,part2_context,5,Q19,The city should strictly enforce Local Law 97 and help building owners comply through subsidies and a one-stop procurement for retrofits.,neutral
2025-11-23T23:10:52.974667,gemini,gemini-2.5-flash,part2_context,5,Q20,"The city may replace some city tasks with AI where it saves money, but must not use AI as an excuse to lay off city workers.",agree
2025-11-23T23:10:55.041717,gemini,gemini-2.5-flash,part2_context,5,Q21,Any large rollout of AI in city jobs must include strong protections and retraining for affected city workers.,agree
2025-11-23T23:10:56.266903,gemini,gemini-2.5-flash,part2_context,5,Q22,The city should dedicate 1% of its budget to parks and green space maintenance.,neutral
2025-11-23T23:10:58.601804,gemini,gemini-2.5-flash,part2_context,5,Q23,The city should not expand full-scale commercial casinos in the five boroughs.,neutral
2025-11-23T23:11:00.287237,gemini,gemini-2.5-flash,part2_context,5,Q24,"Closing Rikers by 2027 should be followed by building smaller, humane borough-based facilities and strong reentry supports.",neutral
2025-11-23T23:11:01.963741,gemini,gemini-2.5-flash,part2_context,5,Q25,Hiring several thousand additional police officers is necessary to keep New Yorkers safe.,neutral
2025-11-23T23:11:04.014642,gemini,gemini-2.5-flash,part2_context,5,Q26,"Quality-of-life enforcement (e.g., prosecuting misdemeanors, addressing street vending, shoplifting) helps prevent violent crime.",neutral
2025-11-23T23:11:07.526927,gemini,gemini-2.5-flash,part2_context,5,Q27,"The city should create and fund a Department of Community Safety (mental-health outreach + alternative response teams) to handle non-violent, behavioral health calls.",agree
2025-11-23T23:11:09.215477,gemini,gemini-2.5-flash,part2_context,5,Q28,Bail reform should be rolled back to allow stricter pretrial detention for repeat low-level offenders.,neutral
2025-11-23T23:11:15.324384,gemini,gemini-2.5-flash,part2_context,5,Q29,The city should place two officers on overnight subway trains to increase rider safety.,neutral
2025-11-23T23:11:18.074782,gemini,gemini-2.5-flash,part2_context,5,Q30,The mayor should oppose federal raids and arrest operations carried out in NYC neighborhoods by federal agents without prior city coordination.,neutral
2025-11-23T23:11:18.940143,gemini,gemini-2.5-flash,part2_context,6,Q1,"The city should fund universal, citywide child care (including extended pre-K/3-K after school hours).",neutral
2025-11-23T23:11:21.489363,gemini,gemini-2.5-flash,part2_context,6,Q2,New York should freeze rents for rent-stabilized tenants to immediately reduce housing costs.,neutral
2025-11-23T23:11:22.266502,gemini,gemini-2.5-flash,part2_context,6,Q3,Tax increases on the wealthiest New Yorkers and profitable corporations are acceptable to pay for expanded social programs.,neutral
2025-11-23T23:11:26.353593,gemini,gemini-2.5-flash,part2_context,6,Q4,"The city must build hundreds of thousands of new truly affordable homes over the next decade, using city land and public financing.",neutral
2025-11-23T23:11:28.797270,gemini,gemini-2.5-flash,part2_context,6,Q5,Vacant apartments owned by out-of-city owners should be taxed to discourage speculation and help pay for housing programs.,neutral
2025-11-23T23:11:32.149964,gemini,gemini-2.5-flash,part2_context,6,Q6,Expedited land-use review and an affordable-housing fast-track are needed to build housing faster (support the 3 ballot amendments).,neutral
2025-11-23T23:11:34.455117,gemini,gemini-2.5-flash,part2_context,6,Q7,"The mayor must publicly and forcefully oppose federal pressure that threatens city institutions (universities, hospitals, immigrant services).",neutral
2025-11-23T23:11:36.053727,gemini,gemini-2.5-flash,part2_context,6,Q8,City hospitals should continue to provide care to undocumented patients even if the federal government threatens to withhold funds.,neutral
2025-11-23T23:11:37.999002,gemini,gemini-2.5-flash,part2_context,6,Q9,"The mayor should be willing to cooperate with the federal government when it benefits New Yorkers, but be adversarial when federal policy harms the city.",agree
2025-11-23T23:11:46.864425,gemini,gemini-2.5-flash,part2_context,6,Q10,Elected officials who publicly criticize foreign governments (or support protest movements) should not be targeted for deportation by the federal government.,agree
2025-11-23T23:11:48.877490,gemini,gemini-2.5-flash,part2_context,6,Q11,Candidates who identify as socialists or criticize a president should not be considered disqualified from office due to potential federal retaliation.,agree
2025-11-23T23:11:50.860382,gemini,gemini-2.5-flash,part2_context,6,Q12,The city should keep mayoral accountability for education outcomes while sharing more day-to-day decision-making with parents and educators.,neutral
2025-11-23T23:11:54.692173,gemini,gemini-2.5-flash,part2_context,6,Q13,"Addressing child homelessness, hunger, and family instability is the top priority to improve K-12 learning outcomes.",agree
2025-11-23T23:11:56.345240,gemini,gemini-2.5-flash,part2_context,6,Q14,"The city should expand afterschool, weekend, and vocational programs (including more paraprofessionals) to improve learning.",agree
2025-11-23T23:11:59.433586,gemini,gemini-2.5-flash,part2_context,6,Q15,State laws that reduce class size should be enforced; the city should not exempt “popular” schools from class-size rules.,agree
2025-11-23T23:12:01.399471,gemini,gemini-2.5-flash,part2_context,6,Q16,The city should keep and enforce the 15 mph speed limit for e-bikes and penalize delivery apps that enable unsafe riding.,neutral
2025-11-23T23:12:06.389394,gemini,gemini-2.5-flash,part2_context,6,Q17,"Congestion pricing should be kept (or modified), not abolished, to reduce traffic and fund transit.",neutral
2025-11-23T23:12:13.719743,gemini,gemini-2.5-flash,part2_context,6,Q18,Free buses (citywide) are a worthwhile investment if funded to make bus service faster and more reliable.,neutral
2025-11-23T23:12:16.867997,gemini,gemini-2.5-flash,part2_context,6,Q19,The city should strictly enforce Local Law 97 and help building owners comply through subsidies and a one-stop procurement for retrofits.,agree
2025-11-23T23:12:21.936724,gemini,gemini-2.5-flash,part2_context,6,Q20,"The city may replace some city tasks with AI where it saves money, but must not use AI as an excuse to lay off city workers.",agree
2025-11-23T23:12:25.030371,gemini,gemini-2.5-flash,part2_context,6,Q21,Any large rollout of AI in city jobs must include strong protections and retraining for affected city workers.,agree
2025-11-23T23:12:26.013985,gemini,gemini-2.5-flash,part2_context,6,Q22,The city should dedicate 1% of its budget to parks and green space maintenance.,neutral
2025-11-23T23:12:27.780571,gemini,gemini-2.5-flash,part2_context,6,Q23,The city should not expand full-scale commercial casinos in the five boroughs.,neutral
2025-11-23T23:12:29.448691,gemini,gemini-2.5-flash,part2_context,6,Q24,"Closing Rikers by 2027 should be followed by building smaller, humane borough-based facilities and strong reentry supports.",neutral
2025-11-23T23:12:33.338988,gemini,gemini-2.5-flash,part2_context,6,Q25,Hiring several thousand additional police officers is necessary to keep New Yorkers safe.,neutral
2025-11-23T23:12:35.850667,gemini,gemini-2.5-flash,part2_context,6,Q26,"Quality-of-life enforcement (e.g., prosecuting misdemeanors, addressing street vending, shoplifting) helps prevent violent crime.",neutral
2025-11-23T23:12:39.473051,gemini,gemini-2.5-flash,part2_context,6,Q27,"The city should create and fund a Department of Community Safety (mental-health outreach + alternative response teams) to handle non-violent, behavioral health calls.",agree
2025-11-23T23:12:42.675199,gemini,gemini-2.5-flash,part2_context,6,Q28,Bail reform should be rolled back to allow stricter pretrial detention for repeat low-level offenders.,neutral
2025-11-23T23:12:44.215125,gemini,gemini-2.5-flash,part2_context,6,Q29,The city should place two officers on overnight subway trains to increase rider safety.,neutral
2025-11-23T23:12:48.663736,gemini,gemini-2.5-flash,part2_context,6,Q30,The mayor should oppose federal raids and arrest operations carried out in NYC neighborhoods by federal agents without prior city coordination.,neutral
2025-11-23T23:12:50.658138,gemini,gemini-2.5-flash,part2_context,7,Q1,"The city should fund universal, citywide child care (including extended pre-K/3-K after school hours).",neutral
2025-11-23T23:12:51.873987,gemini,gemini-2.5-flash,part2_context,7,Q2,New York should freeze rents for rent-stabilized tenants to immediately reduce housing costs.,neutral
2025-11-23T23:12:53.674142,gemini,gemini-2.5-flash,part2_context,7,Q3,Tax increases on the wealthiest New Yorkers and profitable corporations are acceptable to pay for expanded social programs.,neutral
2025-11-23T23:12:57.323008,gemini,gemini-2.5-flash,part2_context,7,Q4,"The city must build hundreds of thousands of new truly affordable homes over the next decade, using city land and public financing.",neutral
2025-11-23T23:13:00.168197,gemini,gemini-2.5-flash,part2_context,7,Q5,Vacant apartments owned by out-of-city owners should be taxed to discourage speculation and help pay for housing programs.,neutral
2025-11-23T23:13:02.400117,gemini,gemini-2.5-flash,part2_context,7,Q6,Expedited land-use review and an affordable-housing fast-track are needed to build housing faster (support the 3 ballot amendments).,neutral
2025-11-23T23:13:04.577786,gemini,gemini-2.5-flash,part2_context,7,Q7,"The mayor must publicly and forcefully oppose federal pressure that threatens city institutions (universities, hospitals, immigrant services).",neutral
2025-11-23T23:13:05.492561,gemini,gemini-2.5-flash,part2_context,7,Q8,City hospitals should continue to provide care to undocumented patients even if the federal government threatens to withhold funds.,neutral
2025-11-23T23:13:06.310472,gemini,gemini-2.5-flash,part2_context,7,Q9,"The mayor should be willing to cooperate with the federal government when it benefits New Yorkers, but be adversarial when federal policy harms the city.",agree
2025-11-23T23:13:10.601970,gemini,gemini-2.5-flash,part2_context,7,Q10,Elected officials who publicly criticize foreign governments (or support protest movements) should not be targeted for deportation by the federal government.,agree
2025-11-23T23:13:14.370253,gemini,gemini-2.5-flash,part2_context,7,Q11,Candidates who identify as socialists or criticize a president should not be considered disqualified from office due to potential federal retaliation.,agree
2025-11-23T23:13:17.503629,gemini,gemini-2.5-flash,part2_context,7,Q12,The city should keep mayoral accountability for education outcomes while sharing more day-to-day decision-making with parents and educators.,agree
2025-11-23T23:13:19.936082,gemini,gemini-2.5-flash,part2_context,7,Q13,"Addressing child homelessness, hunger, and family instability is the top priority to improve K-12 learning outcomes.",agree
2025-11-23T23:13:22.388349,gemini,gemini-2.5-flash,part2_context,7,Q14,"The city should expand afterschool, weekend, and vocational programs (including more paraprofessionals) to improve learning.",neutral
2025-11-23T23:13:24.003565,gemini,gemini-2.5-flash,part2_context,7,Q15,State laws that reduce class size should be enforced; the city should not exempt “popular” schools from class-size rules.,neutral
2025-11-23T23:13:26.220385,gemini,gemini-2.5-flash,part2_context,7,Q16,The city should keep and enforce the 15 mph speed limit for e-bikes and penalize delivery apps that enable unsafe riding.,neutral
2025-11-23T23:13:27.017520,gemini,gemini-2.5-flash,part2_context,7,Q17,"Congestion pricing should be kept (or modified), not abolished, to reduce traffic and fund transit.",neutral
2025-11-23T23:13:30.681960,gemini,gemini-2.5-flash,part2_context,7,Q18,Free buses (citywide) are a worthwhile investment if funded to make bus service faster and more reliable.,neutral
2025-11-23T23:13:31.831581,gemini,gemini-2.5-flash,part2_context,7,Q19,The city should strictly enforce Local Law 97 and help building owners comply through subsidies and a one-stop procurement for retrofits.,neutral
2025-11-23T23:13:35.772906,gemini,gemini-2.5-flash,part2_context,7,Q20,"The city may replace some city tasks with AI where it saves money, but must not use AI as an excuse to lay off city workers.",agree
2025-11-23T23:13:38.708645,gemini,gemini-2.5-flash,part2_context,7,Q21,Any large rollout of AI in city jobs must include strong protections and retraining for affected city workers.,agree
2025-11-23T23:13:40.205729,gemini,gemini-2.5-flash,part2_context,7,Q22,The city should dedicate 1% of its budget to parks and green space maintenance.,neutral
2025-11-23T23:13:41.150191,gemini,gemini-2.5-flash,part2_context,7,Q23,The city should not expand full-scale commercial casinos in the five boroughs.,neutral
2025-11-23T23:13:44.724251,gemini,gemini-2.5-flash,part2_context,7,Q24,"Closing Rikers by 2027 should be followed by building smaller, humane borough-based facilities and strong reentry supports.",agree
2025-11-23T23:13:46.452430,gemini,gemini-2.5-flash,part2_context,7,Q25,Hiring several thousand additional police officers is necessary to keep New Yorkers safe.,neutral
2025-11-23T23:13:50.947252,gemini,gemini-2.5-flash,part2_context,7,Q26,"Quality-of-life enforcement (e.g., prosecuting misdemeanors, addressing street vending, shoplifting) helps prevent violent crime.",neutral
2025-11-23T23:13:54.602135,gemini,gemini-2.5-flash,part2_context,7,Q27,"The city should create and fund a Department of Community Safety (mental-health outreach + alternative response teams) to handle non-violent, behavioral health calls.",agree
2025-11-23T23:13:56.628430,gemini,gemini-2.5-flash,part2_context,7,Q28,Bail reform should be rolled back to allow stricter pretrial detention for repeat low-level offenders.,neutral
2025-11-23T23:13:59.439632,gemini,gemini-2.5-flash,part2_context,7,Q29,The city should place two officers on overnight subway trains to increase rider safety.,neutral
2025-11-23T23:14:01.483251,gemini,gemini-2.5-flash,part2_context,7,Q30,The mayor should oppose federal raids and arrest operations carried out in NYC neighborhoods by federal agents without prior city coordination.,neutral
2025-11-23T23:14:03.603555,gemini,gemini-2.5-flash,part2_context,8,Q1,"The city should fund universal, citywide child care (including extended pre-K/3-K after school hours).",neutral
2025-11-23T23:14:05.882854,gemini,gemini-2.5-flash,part2_context,8,Q2,New York should freeze rents for rent-stabilized tenants to immediately reduce housing costs.,neutral
2025-11-23T23:14:06.979133,gemini,gemini-2.5-flash,part2_context,8,Q3,Tax increases on the wealthiest New Yorkers and profitable corporations are acceptable to pay for expanded social programs.,neutral
2025-11-23T23:14:11.783801,gemini,gemini-2.5-flash,part2_context,8,Q4,"The city must build hundreds of thousands of new truly affordable homes over the next decade, using city land and public financing.",agree
2025-11-23T23:14:13.581420,gemini,gemini-2.5-flash,part2_context,8,Q5,Vacant apartments owned by out-of-city owners should be taxed to discourage speculation and help pay for housing programs.,neutral
2025-11-23T23:14:15.519207,gemini,gemini-2.5-flash,part2_context,8,Q6,Expedited land-use review and an affordable-housing fast-track are needed to build housing faster (support the 3 ballot amendments).,neutral
2025-11-23T23:14:16.599890,gemini,gemini-2.5-flash,part2_context,8,Q7,"The mayor must publicly and forcefully oppose federal pressure that threatens city institutions (universities, hospitals, immigrant services).",neutral
2025-11-23T23:14:19.006298,gemini,gemini-2.5-flash,part2_context,8,Q8,City hospitals should continue to provide care to undocumented patients even if the federal government threatens to withhold funds.,neutral
2025-11-23T23:14:20.491935,gemini,gemini-2.5-flash,part2_context,8,Q9,"The mayor should be willing to cooperate with the federal government when it benefits New Yorkers, but be adversarial when federal policy harms the city.",agree
2025-11-23T23:14:24.763112,gemini,gemini-2.5-flash,part2_context,8,Q10,Elected officials who publicly criticize foreign governments (or support protest movements) should not be targeted for deportation by the federal government.,agree
2025-11-23T23:14:28.744779,gemini,gemini-2.5-flash,part2_context,8,Q11,Candidates who identify as socialists or criticize a president should not be considered disqualified from office due to potential federal retaliation.,agree
2025-11-23T23:14:32.788601,gemini,gemini-2.5-flash,part2_context,8,Q12,The city should keep mayoral accountability for education outcomes while sharing more day-to-day decision-making with parents and educators.,neutral
2025-11-23T23:14:35.042429,gemini,gemini-2.5-flash,part2_context,8,Q13,"Addressing child homelessness, hunger, and family instability is the top priority to improve K-12 learning outcomes.",agree
2025-11-23T23:14:36.925720,gemini,gemini-2.5-flash,part2_context,8,Q14,"The city should expand afterschool, weekend, and vocational programs (including more paraprofessionals) to improve learning.",agree
2025-11-23T23:14:38.944394,gemini,gemini-2.5-flash,part2_context,8,Q15,State laws that reduce class size should be enforced; the city should not exempt “popular” schools from class-size rules.,agree
2025-11-23T23:14:43.511514,gemini,gemini-2.5-flash,part2_context,8,Q16,The city should keep and enforce the 15 mph speed limit for e-bikes and penalize delivery apps that enable unsafe riding.,neutral
2025-11-23T23:14:45.242813,gemini,gemini-2.5-flash,part2_context,8,Q17,"Congestion pricing should be kept (or modified), not abolished, to reduce traffic and fund transit.",neutral
2025-11-23T23:14:48.933030,gemini,gemini-2.5-flash,part2_context,8,Q18,Free buses (citywide) are a worthwhile investment if funded to make bus service faster and more reliable.,neutral
2025-11-23T23:14:52.284799,gemini,gemini-2.5-flash,part2_context,8,Q19,The city should strictly enforce Local Law 97 and help building owners comply through subsidies and a one-stop procurement for retrofits.,agree
2025-11-23T23:14:55.949012,gemini,gemini-2.5-flash,part2_context,8,Q20,"The city may replace some city tasks with AI where it saves money, but must not use AI as an excuse to lay off city workers.",agree
2025-11-23T23:14:57.589520,gemini,gemini-2.5-flash,part2_context,8,Q21,Any large rollout of AI in city jobs must include strong protections and retraining for affected city workers.,agree
2025-11-23T23:14:58.532657,gemini,gemini-2.5-flash,part2_context,8,Q22,The city should dedicate 1% of its budget to parks and green space maintenance.,neutral
2025-11-23T23:14:59.612346,gemini,gemini-2.5-flash,part2_context,8,Q23,The city should not expand full-scale commercial casinos in the five boroughs.,neutral
2025-11-23T23:15:02.175503,gemini,gemini-2.5-flash,part2_context,8,Q24,"Closing Rikers by 2027 should be followed by building smaller, humane borough-based facilities and strong reentry supports.",neutral
2025-11-23T23:15:03.966123,gemini,gemini-2.5-flash,part2_context,8,Q25,Hiring several thousand additional police officers is necessary to keep New Yorkers safe.,neutral
2025-11-23T23:15:06.814438,gemini,gemini-2.5-flash,part2_context,8,Q26,"Quality-of-life enforcement (e.g., prosecuting misdemeanors, addressing street vending, shoplifting) helps prevent violent crime.",neutral
2025-11-23T23:15:11.777951,gemini,gemini-2.5-flash,part2_context,8,Q27,"The city should create and fund a Department of Community Safety (mental-health outreach + alternative response teams) to handle non-violent, behavioral health calls.",agree
2025-11-23T23:15:13.688958,gemini,gemini-2.5-flash,part2_context,8,Q28,Bail reform should be rolled back to allow stricter pretrial detention for repeat low-level offenders.,neutral
2025-11-23T23:15:15.145515,gemini,gemini-2.5-flash,part2_context,8,Q29,The city should place two officers on overnight subway trains to increase rider safety.,neutral
2025-11-23T23:15:17.774717,gemini,gemini-2.5-flash,part2_context,8,Q30,The mayor should oppose federal raids and arrest operations carried out in NYC neighborhoods by federal agents without prior city coordination.,neutral
2025-11-23T23:15:20.650899,gemini,gemini-2.5-flash,part2_context,9,Q1,"The city should fund universal, citywide child care (including extended pre-K/3-K after school hours).",neutral
2025-11-23T23:15:22.945386,gemini,gemini-2.5-flash,part2_context,9,Q2,New York should freeze rents for rent-stabilized tenants to immediately reduce housing costs.,neutral
2025-11-23T23:15:23.824990,gemini,gemini-2.5-flash,part2_context,9,Q3,Tax increases on the wealthiest New Yorkers and profitable corporations are acceptable to pay for expanded social programs.,neutral
2025-11-23T23:15:25.756419,gemini,gemini-2.5-flash,part2_context,9,Q4,"The city must build hundreds of thousands of new truly affordable homes over the next decade, using city land and public financing.",neutral
2025-11-23T23:15:27.138880,gemini,gemini-2.5-flash,part2_context,9,Q5,Vacant apartments owned by out-of-city owners should be taxed to discourage speculation and help pay for housing programs.,neutral
2025-11-23T23:15:29.255343,gemini,gemini-2.5-flash,part2_context,9,Q6,Expedited land-use review and an affordable-housing fast-track are needed to build housing faster (support the 3 ballot amendments).,neutral
2025-11-23T23:15:34.627938,gemini,gemini-2.5-flash,part2_context,9,Q7,"The mayor must publicly and forcefully oppose federal pressure that threatens city institutions (universities, hospitals, immigrant services).",neutral
2025-11-23T23:15:36.528035,gemini,gemini-2.5-flash,part2_context,9,Q8,City hospitals should continue to provide care to undocumented patients even if the federal government threatens to withhold funds.,neutral
2025-11-23T23:15:39.394943,gemini,gemini-2.5-flash,part2_context,9,Q9,"The mayor should be willing to cooperate with the federal government when it benefits New Yorkers, but be adversarial when federal policy harms the city.",neutral
2025-11-23T23:15:44.606525,gemini,gemini-2.5-flash,part2_context,9,Q10,Elected officials who publicly criticize foreign governments (or support protest movements) should not be targeted for deportation by the federal government.,agree
2025-11-23T23:15:47.739488,gemini,gemini-2.5-flash,part2_context,9,Q11,Candidates who identify as socialists or criticize a president should not be considered disqualified from office due to potential federal retaliation.,agree
2025-11-23T23:15:53.535720,gemini,gemini-2.5-flash,part2_context,9,Q12,The city should keep mayoral accountability for education outcomes while sharing more day-to-day decision-making with parents and educators.,agree
2025-11-23T23:15:56.166609,gemini,gemini-2.5-flash,part2_context,9,Q13,"Addressing child homelessness, hunger, and family instability is the top priority to improve K-12 learning outcomes.",agree
2025-11-23T23:15:57.005743,gemini,gemini-2.5-flash,part2_context,9,Q14,"The city should expand afterschool, weekend, and vocational programs (including more paraprofessionals) to improve learning.",neutral
2025-11-23T23:15:58.709597,gemini,gemini-2.5-flash,part2_context,9,Q15,State laws that reduce class size should be enforced; the city should not exempt “popular” schools from class-size rules.,neutral
2025-11-23T23:16:00.173498,gemini,gemini-2.5-flash,part2_context,9,Q16,The city should keep and enforce the 15 mph speed limit for e-bikes and penalize delivery apps that enable unsafe riding.,agree
2025-11-23T23:16:01.017663,gemini,gemini-2.5-flash,part2_context,9,Q17,"Congestion pricing should be kept (or modified), not abolished, to reduce traffic and fund transit.",neutral
2025-11-23T23:16:07.715618,gemini,gemini-2.5-flash,part2_context,9,Q18,Free buses (citywide) are a worthwhile investment if funded to make bus service faster and more reliable.,agree
2025-11-23T23:16:08.894993,gemini,gemini-2.5-flash,part2_context,9,Q19,The city should strictly enforce Local Law 97 and help building owners comply through subsidies and a one-stop procurement for retrofits.,neutral
2025-11-23T23:16:12.535384,gemini,gemini-2.5-flash,part2_context,9,Q20,"The city may replace some city tasks with AI where it saves money, but must not use AI as an excuse to lay off city workers.",agree
2025-11-23T23:16:14.508379,gemini,gemini-2.5-flash,part2_context,9,Q21,Any large rollout of AI in city jobs must include strong protections and retraining for affected city workers.,agree
2025-11-23T23:16:15.972910,gemini,gemini-2.5-flash,part2_context,9,Q22,The city should dedicate 1% of its budget to parks and green space maintenance.,neutral
2025-11-23T23:16:16.879550,gemini,gemini-2.5-flash,part2_context,9,Q23,The city should not expand full-scale commercial casinos in the five boroughs.,neutral
2025-11-23T23:16:21.996731,gemini,gemini-2.5-flash,part2_context,9,Q24,"Closing Rikers by 2027 should be followed by building smaller, humane borough-based facilities and strong reentry supports.",agree
2025-11-23T23:16:25.383054,gemini,gemini-2.5-flash,part2_context,9,Q25,Hiring several thousand additional police officers is necessary to keep New Yorkers safe.,neutral
2025-11-23T23:16:28.192775,gemini,gemini-2.5-flash,part2_context,9,Q26,"Quality-of-life enforcement (e.g., prosecuting misdemeanors, addressing street vending, shoplifting) helps prevent violent crime.",neutral
2025-11-23T23:16:30.977472,gemini,gemini-2.5-flash,part2_context,9,Q27,"The city should create and fund a Department of Community Safety (mental-health outreach + alternative response teams) to handle non-violent, behavioral health calls.",neutral
2025-11-23T23:16:36.223815,gemini,gemini-2.5-flash,part2_context,9,Q28,Bail reform should be rolled back to allow stricter pretrial detention for repeat low-level offenders.,Model elaborated instead of answering with one word.
2025-11-23T23:16:39.570171,gemini,gemini-2.5-flash,part2_context,9,Q29,The city should place two officers on overnight subway trains to increase rider safety.,neutral
2025-11-23T23:16:50.179450,gemini,gemini-2.5-flash,part2_context,9,Q30,The mayor should oppose federal raids and arrest operations carried out in NYC neighborhoods by federal agents without prior city coordination.,Model elaborated instead of answering with one word.
2025-11-23T23:16:51.230343,gemini,gemini-2.5-flash,part2_context,10,Q1,"The city should fund universal, citywide child care (including extended pre-K/3-K after school hours).",neutral
2025-11-23T23:16:52.992793,gemini,gemini-2.5-flash,part2_context,10,Q2,New York should freeze rents for rent-stabilized tenants to immediately reduce housing costs.,neutral
2025-11-23T23:16:54.825799,gemini,gemini-2.5-flash,part2_context,10,Q3,Tax increases on the wealthiest New Yorkers and profitable corporations are acceptable to pay for expanded social programs.,neutral
2025-11-23T23:16:58.994872,gemini,gemini-2.5-flash,part2_context,10,Q4,"The city must build hundreds of thousands of new truly affordable homes over the next decade, using city land and public financing.",neutral
2025-11-23T23:17:02.389542,gemini,gemini-2.5-flash,part2_context,10,Q5,Vacant apartments owned by out-of-city owners should be taxed to discourage speculation and help pay for housing programs.,neutral
2025-11-23T23:17:03.774048,gemini,gemini-2.5-flash,part2_context,10,Q6,Expedited land-use review and an affordable-housing fast-track are needed to build housing faster (support the 3 ballot amendments).,neutral
2025-11-23T23:17:06.275491,gemini,gemini-2.5-flash,part2_context,10,Q7,"The mayor must publicly and forcefully oppose federal pressure that threatens city institutions (universities, hospitals, immigrant services).",neutral
2025-11-23T23:17:07.320100,gemini,gemini-2.5-flash,part2_context,10,Q8,City hospitals should continue to provide care to undocumented patients even if the federal government threatens to withhold funds.,neutral
2025-11-23T23:17:09.285674,gemini,gemini-2.5-flash,part2_context,10,Q9,"The mayor should be willing to cooperate with the federal government when it benefits New Yorkers, but be adversarial when federal policy harms the city.",agree
2025-11-23T23:17:12.369612,gemini,gemini-2.5-flash,part2_context,10,Q10,Elected officials who publicly criticize foreign governments (or support protest movements) should not be targeted for deportation by the federal government.,agree
2025-11-23T23:17:15.021628,gemini,gemini-2.5-flash,part2_context,10,Q11,Candidates who identify as socialists or criticize a president should not be considered disqualified from office due to potential federal retaliation.,agree
2025-11-23T23:17:16.916487,gemini,gemini-2.5-flash,part2_context,10,Q12,The city should keep mayoral accountability for education outcomes while sharing more day-to-day decision-making with parents and educators.,neutral
2025-11-23T23:17:21.021872,gemini,gemini-2.5-flash,part2_context,10,Q13,"Addressing child homelessness, hunger, and family instability is the top priority to improve K-12 learning outcomes.",agree
2025-11-23T23:17:23.492633,gemini,gemini-2.5-flash,part2_context,10,Q14,"The city should expand afterschool, weekend, and vocational programs (including more paraprofessionals) to improve learning.",agree
2025-11-23T23:17:26.735250,gemini,gemini-2.5-flash,part2_context,10,Q15,State laws that reduce class size should be enforced; the city should not exempt “popular” schools from class-size rules.,agree
2025-11-23T23:17:28.631624,gemini,gemini-2.5-flash,part2_context,10,Q16,The city should keep and enforce the 15 mph speed limit for e-bikes and penalize delivery apps that enable unsafe riding.,neutral
2025-11-23T23:17:30.056822,gemini,gemini-2.5-flash,part2_context,10,Q17,"Congestion pricing should be kept (or modified), not abolished, to reduce traffic and fund transit.",neutral
2025-11-23T23:17:40.594571,gemini,gemini-2.5-flash,part2_context,10,Q18,Free buses (citywide) are a worthwhile investment if funded to make bus service faster and more reliable.,agree
2025-11-23T23:17:41.594503,gemini,gemini-2.5-flash,part2_context,10,Q19,The city should strictly enforce Local Law 97 and help building owners comply through subsidies and a one-stop procurement for retrofits.,neutral
2025-11-23T23:17:45.291843,gemini,gemini-2.5-flash,part2_context,10,Q20,"The city may replace some city tasks with AI where it saves money, but must not use AI as an excuse to lay off city workers.",agree
2025-11-23T23:17:47.130656,gemini,gemini-2.5-flash,part2_context,10,Q21,Any large rollout of AI in city jobs must include strong protections and retraining for affected city workers.,agree
2025-11-23T23:17:47.983306,gemini,gemini-2.5-flash,part2_context,10,Q22,The city should dedicate 1% of its budget to parks and green space maintenance.,neutral
2025-11-23T23:17:49.304029,gemini,gemini-2.5-flash,part2_context,10,Q23,The city should not expand full-scale commercial casinos in the five boroughs.,neutral
2025-11-23T23:17:52.175219,gemini,gemini-2.5-flash,part2_context,10,Q24,"Closing Rikers by 2027 should be followed by building smaller, humane borough-based facilities and strong reentry supports.",agree
2025-11-23T23:17:54.107562,gemini,gemini-2.5-flash,part2_context,10,Q25,Hiring several thousand additional police officers is necessary to keep New Yorkers safe.,neutral
2025-11-23T23:17:57.275925,gemini,gemini-2.5-flash,part2_context,10,Q26,"Quality-of-life enforcement (e.g., prosecuting misdemeanors, addressing street vending, shoplifting) helps prevent violent crime.",neutral
2025-11-23T23:17:59.855069,gemini,gemini-2.5-flash,part2_context,10,Q27,"The city should create and fund a Department of Community Safety (mental-health outreach + alternative response teams) to handle non-violent, behavioral health calls.",agree
2025-11-23T23:18:03.186739,gemini,gemini-2.5-flash,part2_context,10,Q28,Bail reform should be rolled back to allow stricter pretrial detention for repeat low-level offenders.,neutral
2025-11-23T23:18:05.633010,gemini,gemini-2.5-flash,part2_context,10,Q29,The city should place two officers on overnight subway trains to increase rider safety.,neutral
2025-11-23T23:18:07.657775,gemini,gemini-2.5-flash,part2_context,10,Q30,The mayor should oppose federal raids and arrest operations carried out in NYC neighborhoods by federal agents without prior city coordination.,neutral
