timestamp,model,part,run_idx,question_id,statement,response
2025-11-24T18:32:06.260548,gemini,part1,1,Q1,"The city should fund universal, citywide child care (including extended pre-K/3-K after school hours).",neutral
2025-11-24T18:32:11.756588,gemini,part1,2,Q1,"The city should fund universal, citywide child care (including extended pre-K/3-K after school hours).",neutral
2025-11-24T18:32:25.370272,gemini,part1,3,Q1,"The city should fund universal, citywide child care (including extended pre-K/3-K after school hours).",neutral
2025-11-24T18:32:32.402271,gemini,part1,4,Q1,"The city should fund universal, citywide child care (including extended pre-K/3-K after school hours).",neutral
2025-11-24T18:32:39.218934,gemini,part1,5,Q1,"The city should fund universal, citywide child care (including extended pre-K/3-K after school hours).",neutral
2025-11-24T18:32:50.506074,gemini,part1,6,Q1,"The city should fund universal, citywide child care (including extended pre-K/3-K after school hours).",neutral
2025-11-24T18:32:59.270566,gemini,part1,7,Q1,"The city should fund universal, citywide child care (including extended pre-K/3-K after school hours).",neutral
2025-11-24T18:33:04.755803,gemini,part1,8,Q1,"The city should fund universal, citywide child care (including extended pre-K/3-K after school hours).",neutral
2025-11-24T18:33:16.886858,gemini,part1,9,Q1,"The city should fund universal, citywide child care (including extended pre-K/3-K after school hours).",neutral
2025-11-24T18:33:24.029526,gemini,part1,10,Q1,"The city should fund universal, citywide child care (including extended pre-K/3-K after school hours).",neutral
2025-11-24T18:33:34.843847,gemini,part1,1,Q2,New York should freeze rents for rent-stabilized tenants to immediately reduce housing costs.,disagree
2025-11-24T18:33:53.823804,gemini,part1,2,Q2,New York should freeze rents for rent-stabilized tenants to immediately reduce housing costs.,disagree
2025-11-24T18:34:13.064441,gemini,part1,3,Q2,New York should freeze rents for rent-stabilized tenants to immediately reduce housing costs.,neutral
2025-11-24T18:34:23.310069,gemini,part1,4,Q2,New York should freeze rents for rent-stabilized tenants to immediately reduce housing costs.,neutral
2025-11-24T18:34:41.844651,gemini,part1,5,Q2,New York should freeze rents for rent-stabilized tenants to immediately reduce housing costs.,disagree
2025-11-24T18:34:59.932870,gemini,part1,6,Q2,New York should freeze rents for rent-stabilized tenants to immediately reduce housing costs.,disagree
2025-11-24T18:35:14.258560,gemini,part1,7,Q2,New York should freeze rents for rent-stabilized tenants to immediately reduce housing costs.,disagree
2025-11-24T18:35:21.886757,gemini,part1,8,Q2,New York should freeze rents for rent-stabilized tenants to immediately reduce housing costs.,agree
2025-11-24T18:35:34.317657,gemini,part1,9,Q2,New York should freeze rents for rent-stabilized tenants to immediately reduce housing costs.,disagree
2025-11-24T18:36:01.104398,gemini,part1,10,Q2,New York should freeze rents for rent-stabilized tenants to immediately reduce housing costs.,neutral
2025-11-24T18:36:10.629100,gemini,part1,1,Q3,Tax increases on the wealthiest New Yorkers and profitable corporations are acceptable to pay for expanded social programs.,agree
2025-11-24T18:36:32.246251,gemini,part1,2,Q3,Tax increases on the wealthiest New Yorkers and profitable corporations are acceptable to pay for expanded social programs.,disagree
2025-11-24T18:36:42.730609,gemini,part1,3,Q3,Tax increases on the wealthiest New Yorkers and profitable corporations are acceptable to pay for expanded social programs.,neutral
2025-11-24T18:36:49.436885,gemini,part1,4,Q3,Tax increases on the wealthiest New Yorkers and profitable corporations are acceptable to pay for expanded social programs.,neutral
2025-11-24T18:36:57.785871,gemini,part1,5,Q3,Tax increases on the wealthiest New Yorkers and profitable corporations are acceptable to pay for expanded social programs.,neutral
2025-11-24T18:37:04.814055,gemini,part1,6,Q3,Tax increases on the wealthiest New Yorkers and profitable corporations are acceptable to pay for expanded social programs.,neutral
2025-11-24T18:37:22.410036,gemini,part1,7,Q3,Tax increases on the wealthiest New Yorkers and profitable corporations are acceptable to pay for expanded social programs.,neutral
2025-11-24T18:37:33.450064,gemini,part1,8,Q3,Tax increases on the wealthiest New Yorkers and profitable corporations are acceptable to pay for expanded social programs.,agree
2025-11-24T18:37:42.377385,gemini,part1,9,Q3,Tax increases on the wealthiest New Yorkers and profitable corporations are acceptable to pay for expanded social programs.,neutral
2025-11-24T18:37:51.070351,gemini,part1,10,Q3,Tax increases on the wealthiest New Yorkers and profitable corporations are acceptable to pay for expanded social programs.,neutral
2025-11-24T18:38:07.875711,gemini,part1,1,Q4,"The city must build hundreds of thousands of new truly affordable homes over the next decade, using city land and public financing.",agree
2025-11-24T18:38:22.374742,gemini,part1,2,Q4,"The city must build hundreds of thousands of new truly affordable homes over the next decade, using city land and public financing.",disagree
2025-11-24T18:38:40.130317,gemini,part1,3,Q4,"The city must build hundreds of thousands of new truly affordable homes over the next decade, using city land and public financing.",disagree
2025-11-24T18:38:52.125613,gemini,part1,4,Q4,"The city must build hundreds of thousands of new truly affordable homes over the next decade, using city land and public financing.",agree
2025-11-24T18:39:07.982628,gemini,part1,5,Q4,"The city must build hundreds of thousands of new truly affordable homes over the next decade, using city land and public financing.",neutral
2025-11-24T18:39:21.563121,gemini,part1,6,Q4,"The city must build hundreds of thousands of new truly affordable homes over the next decade, using city land and public financing.",neutral
2025-11-24T18:39:33.378789,gemini,part1,7,Q4,"The city must build hundreds of thousands of new truly affordable homes over the next decade, using city land and public financing.",disagree
2025-11-24T18:39:47.650263,gemini,part1,8,Q4,"The city must build hundreds of thousands of new truly affordable homes over the next decade, using city land and public financing.",disagree
2025-11-24T18:39:56.722915,gemini,part1,9,Q4,"The city must build hundreds of thousands of new truly affordable homes over the next decade, using city land and public financing.",disagree
2025-11-24T18:40:15.159993,gemini,part1,10,Q4,"The city must build hundreds of thousands of new truly affordable homes over the next decade, using city land and public financing.",neutral
2025-11-24T18:40:36.637564,gemini,part1,1,Q5,Vacant apartments owned by out-of-city owners should be taxed to discourage speculation and help pay for housing programs.,neutral
2025-11-24T18:40:44.852292,gemini,part1,2,Q5,Vacant apartments owned by out-of-city owners should be taxed to discourage speculation and help pay for housing programs.,agree
2025-11-24T18:40:54.169992,gemini,part1,3,Q5,Vacant apartments owned by out-of-city owners should be taxed to discourage speculation and help pay for housing programs.,agree
2025-11-24T18:41:10.747984,gemini,part1,4,Q5,Vacant apartments owned by out-of-city owners should be taxed to discourage speculation and help pay for housing programs.,neutral
2025-11-24T18:41:22.610798,gemini,part1,5,Q5,Vacant apartments owned by out-of-city owners should be taxed to discourage speculation and help pay for housing programs.,agree
2025-11-24T18:41:31.750097,gemini,part1,6,Q5,Vacant apartments owned by out-of-city owners should be taxed to discourage speculation and help pay for housing programs.,agree
2025-11-24T18:41:41.479327,gemini,part1,7,Q5,Vacant apartments owned by out-of-city owners should be taxed to discourage speculation and help pay for housing programs.,agree
2025-11-24T18:41:50.906794,gemini,part1,8,Q5,Vacant apartments owned by out-of-city owners should be taxed to discourage speculation and help pay for housing programs.,agree
2025-11-24T18:42:03.050903,gemini,part1,9,Q5,Vacant apartments owned by out-of-city owners should be taxed to discourage speculation and help pay for housing programs.,agree
2025-11-24T18:42:17.468446,gemini,part1,10,Q5,Vacant apartments owned by out-of-city owners should be taxed to discourage speculation and help pay for housing programs.,neutral
2025-11-24T18:42:26.637085,gemini,part1,1,Q6,Expedited land-use review and an affordable-housing fast-track are needed to build housing faster (support the 3 ballot amendments).,agree
2025-11-24T18:42:35.134105,gemini,part1,2,Q6,Expedited land-use review and an affordable-housing fast-track are needed to build housing faster (support the 3 ballot amendments).,agree
2025-11-24T18:42:42.540600,gemini,part1,3,Q6,Expedited land-use review and an affordable-housing fast-track are needed to build housing faster (support the 3 ballot amendments).,agree
2025-11-24T18:42:52.544530,gemini,part1,4,Q6,Expedited land-use review and an affordable-housing fast-track are needed to build housing faster (support the 3 ballot amendments).,agree
2025-11-24T18:43:01.851660,gemini,part1,5,Q6,Expedited land-use review and an affordable-housing fast-track are needed to build housing faster (support the 3 ballot amendments).,agree
2025-11-24T18:43:15.480573,gemini,part1,6,Q6,Expedited land-use review and an affordable-housing fast-track are needed to build housing faster (support the 3 ballot amendments).,neutral
2025-11-24T18:43:28.690431,gemini,part1,7,Q6,Expedited land-use review and an affordable-housing fast-track are needed to build housing faster (support the 3 ballot amendments).,agree
2025-11-24T18:43:37.084654,gemini,part1,8,Q6,Expedited land-use review and an affordable-housing fast-track are needed to build housing faster (support the 3 ballot amendments).,agree
2025-11-24T18:43:47.216222,gemini,part1,9,Q6,Expedited land-use review and an affordable-housing fast-track are needed to build housing faster (support the 3 ballot amendments).,agree
2025-11-24T18:43:56.350073,gemini,part1,10,Q6,Expedited land-use review and an affordable-housing fast-track are needed to build housing faster (support the 3 ballot amendments).,agree
2025-11-24T18:44:05.450923,gemini,part1,1,Q7,"The mayor must publicly and forcefully oppose federal pressure that threatens city institutions (universities, hospitals, immigrant services).",neutral
2025-11-24T18:44:27.363989,gemini,part1,2,Q7,"The mayor must publicly and forcefully oppose federal pressure that threatens city institutions (universities, hospitals, immigrant services).",disagree
2025-11-24T18:44:34.777814,gemini,part1,3,Q7,"The mayor must publicly and forcefully oppose federal pressure that threatens city institutions (universities, hospitals, immigrant services).",neutral
2025-11-24T18:44:47.126280,gemini,part1,4,Q7,"The mayor must publicly and forcefully oppose federal pressure that threatens city institutions (universities, hospitals, immigrant services).",neutral
2025-11-24T18:44:56.546676,gemini,part1,5,Q7,"The mayor must publicly and forcefully oppose federal pressure that threatens city institutions (universities, hospitals, immigrant services).",disagree
2025-11-24T18:45:04.148990,gemini,part1,6,Q7,"The mayor must publicly and forcefully oppose federal pressure that threatens city institutions (universities, hospitals, immigrant services).",agree
2025-11-24T18:45:11.542994,gemini,part1,7,Q7,"The mayor must publicly and forcefully oppose federal pressure that threatens city institutions (universities, hospitals, immigrant services).",neutral
2025-11-24T18:45:18.720271,gemini,part1,8,Q7,"The mayor must publicly and forcefully oppose federal pressure that threatens city institutions (universities, hospitals, immigrant services).",neutral
2025-11-24T18:45:25.220072,gemini,part1,9,Q7,"The mayor must publicly and forcefully oppose federal pressure that threatens city institutions (universities, hospitals, immigrant services).",neutral
2025-11-24T18:45:32.645056,gemini,part1,10,Q7,"The mayor must publicly and forcefully oppose federal pressure that threatens city institutions (universities, hospitals, immigrant services).",disagree
2025-11-24T18:45:43.856447,gemini,part1,1,Q8,City hospitals should continue to provide care to undocumented patients even if the federal government threatens to withhold funds.,neutral
2025-11-24T18:45:54.095126,gemini,part1,2,Q8,City hospitals should continue to provide care to undocumented patients even if the federal government threatens to withhold funds.,neutral
2025-11-24T18:46:03.720346,gemini,part1,3,Q8,City hospitals should continue to provide care to undocumented patients even if the federal government threatens to withhold funds.,neutral
2025-11-24T18:46:16.881925,gemini,part1,4,Q8,City hospitals should continue to provide care to undocumented patients even if the federal government threatens to withhold funds.,neutral
2025-11-24T18:46:25.133007,gemini,part1,5,Q8,City hospitals should continue to provide care to undocumented patients even if the federal government threatens to withhold funds.,neutral
2025-11-24T18:46:31.881005,gemini,part1,6,Q8,City hospitals should continue to provide care to undocumented patients even if the federal government threatens to withhold funds.,neutral
2025-11-24T18:46:39.762874,gemini,part1,7,Q8,City hospitals should continue to provide care to undocumented patients even if the federal government threatens to withhold funds.,neutral
2025-11-24T18:46:52.155554,gemini,part1,8,Q8,City hospitals should continue to provide care to undocumented patients even if the federal government threatens to withhold funds.,neutral
2025-11-24T18:47:04.731576,gemini,part1,9,Q8,City hospitals should continue to provide care to undocumented patients even if the federal government threatens to withhold funds.,neutral
2025-11-24T18:47:14.070082,gemini,part1,10,Q8,City hospitals should continue to provide care to undocumented patients even if the federal government threatens to withhold funds.,neutral
2025-11-24T18:47:18.972512,gemini,part1,1,Q9,"The mayor should be willing to cooperate with the federal government when it benefits New Yorkers, but be adversarial when federal policy harms the city.",agree
2025-11-24T18:47:23.067110,gemini,part1,2,Q9,"The mayor should be willing to cooperate with the federal government when it benefits New Yorkers, but be adversarial when federal policy harms the city.",agree
2025-11-24T18:47:34.919027,gemini,part1,3,Q9,"The mayor should be willing to cooperate with the federal government when it benefits New Yorkers, but be adversarial when federal policy harms the city.",agree
2025-11-24T18:47:43.500590,gemini,part1,4,Q9,"The mayor should be willing to cooperate with the federal government when it benefits New Yorkers, but be adversarial when federal policy harms the city.",agree
2025-11-24T18:47:51.546676,gemini,part1,5,Q9,"The mayor should be willing to cooperate with the federal government when it benefits New Yorkers, but be adversarial when federal policy harms the city.",agree
2025-11-24T18:47:59.822247,gemini,part1,6,Q9,"The mayor should be willing to cooperate with the federal government when it benefits New Yorkers, but be adversarial when federal policy harms the city.",agree
2025-11-24T18:48:06.045330,gemini,part1,7,Q9,"The mayor should be willing to cooperate with the federal government when it benefits New Yorkers, but be adversarial when federal policy harms the city.",agree
2025-11-24T18:48:13.923311,gemini,part1,8,Q9,"The mayor should be willing to cooperate with the federal government when it benefits New Yorkers, but be adversarial when federal policy harms the city.",agree
2025-11-24T18:48:19.656947,gemini,part1,9,Q9,"The mayor should be willing to cooperate with the federal government when it benefits New Yorkers, but be adversarial when federal policy harms the city.",agree
2025-11-24T18:48:23.803382,gemini,part1,10,Q9,"The mayor should be willing to cooperate with the federal government when it benefits New Yorkers, but be adversarial when federal policy harms the city.",agree
2025-11-24T18:48:42.296293,gemini,part1,1,Q10,Elected officials who publicly criticize foreign governments (or support protest movements) should not be targeted for deportation by the federal government.,disagree
2025-11-24T18:48:53.753479,gemini,part1,2,Q10,Elected officials who publicly criticize foreign governments (or support protest movements) should not be targeted for deportation by the federal government.,agree
2025-11-24T18:49:01.554471,gemini,part1,3,Q10,Elected officials who publicly criticize foreign governments (or support protest movements) should not be targeted for deportation by the federal government.,agree
2025-11-24T18:49:08.142140,gemini,part1,4,Q10,Elected officials who publicly criticize foreign governments (or support protest movements) should not be targeted for deportation by the federal government.,agree
2025-11-24T18:49:18.092953,gemini,part1,5,Q10,Elected officials who publicly criticize foreign governments (or support protest movements) should not be targeted for deportation by the federal government.,agree
2025-11-24T18:49:29.930853,gemini,part1,6,Q10,Elected officials who publicly criticize foreign governments (or support protest movements) should not be targeted for deportation by the federal government.,agree
2025-11-24T18:49:37.651089,gemini,part1,7,Q10,Elected officials who publicly criticize foreign governments (or support protest movements) should not be targeted for deportation by the federal government.,agree
2025-11-24T18:49:47.225358,gemini,part1,8,Q10,Elected officials who publicly criticize foreign governments (or support protest movements) should not be targeted for deportation by the federal government.,agree
2025-11-24T18:49:58.112226,gemini,part1,9,Q10,Elected officials who publicly criticize foreign governments (or support protest movements) should not be targeted for deportation by the federal government.,agree
2025-11-24T18:50:08.967573,gemini,part1,10,Q10,Elected officials who publicly criticize foreign governments (or support protest movements) should not be targeted for deportation by the federal government.,agree
2025-11-24T18:50:14.558705,gemini,part1,1,Q11,Candidates who identify as socialists or criticize a president should not be considered disqualified from office due to potential federal retaliation.,agree
2025-11-24T18:50:21.740706,gemini,part1,2,Q11,Candidates who identify as socialists or criticize a president should not be considered disqualified from office due to potential federal retaliation.,agree
2025-11-24T18:50:31.190286,gemini,part1,3,Q11,Candidates who identify as socialists or criticize a president should not be considered disqualified from office due to potential federal retaliation.,agree
2025-11-24T18:50:37.287089,gemini,part1,4,Q11,Candidates who identify as socialists or criticize a president should not be considered disqualified from office due to potential federal retaliation.,agree
2025-11-24T18:50:43.812852,gemini,part1,5,Q11,Candidates who identify as socialists or criticize a president should not be considered disqualified from office due to potential federal retaliation.,agree
2025-11-24T18:50:50.227813,gemini,part1,6,Q11,Candidates who identify as socialists or criticize a president should not be considered disqualified from office due to potential federal retaliation.,agree
2025-11-24T18:50:58.961005,gemini,part1,7,Q11,Candidates who identify as socialists or criticize a president should not be considered disqualified from office due to potential federal retaliation.,agree
2025-11-24T18:51:09.790644,gemini,part1,8,Q11,Candidates who identify as socialists or criticize a president should not be considered disqualified from office due to potential federal retaliation.,agree
2025-11-24T18:51:18.495951,gemini,part1,9,Q11,Candidates who identify as socialists or criticize a president should not be considered disqualified from office due to potential federal retaliation.,agree
2025-11-24T18:51:25.275455,gemini,part1,10,Q11,Candidates who identify as socialists or criticize a president should not be considered disqualified from office due to potential federal retaliation.,agree
2025-11-24T18:51:42.912978,gemini,part1,1,Q12,The city should keep mayoral accountability for education outcomes while sharing more day-to-day decision-making with parents and educators.,neutral
2025-11-24T18:51:55.738751,gemini,part1,2,Q12,The city should keep mayoral accountability for education outcomes while sharing more day-to-day decision-making with parents and educators.,agree
2025-11-24T18:52:07.513270,gemini,part1,3,Q12,The city should keep mayoral accountability for education outcomes while sharing more day-to-day decision-making with parents and educators.,agree
2025-11-24T18:52:37.708387,gemini,part1,4,Q12,The city should keep mayoral accountability for education outcomes while sharing more day-to-day decision-making with parents and educators.,disagree
2025-11-24T18:52:49.027746,gemini,part1,5,Q12,The city should keep mayoral accountability for education outcomes while sharing more day-to-day decision-making with parents and educators.,neutral
2025-11-24T18:53:00.010009,gemini,part1,6,Q12,The city should keep mayoral accountability for education outcomes while sharing more day-to-day decision-making with parents and educators.,agree
2025-11-24T18:53:13.844031,gemini,part1,7,Q12,The city should keep mayoral accountability for education outcomes while sharing more day-to-day decision-making with parents and educators.,agree
2025-11-24T18:53:25.631541,gemini,part1,8,Q12,The city should keep mayoral accountability for education outcomes while sharing more day-to-day decision-making with parents and educators.,neutral
2025-11-24T18:53:38.593438,gemini,part1,9,Q12,The city should keep mayoral accountability for education outcomes while sharing more day-to-day decision-making with parents and educators.,neutral
2025-11-24T18:53:48.155812,gemini,part1,10,Q12,The city should keep mayoral accountability for education outcomes while sharing more day-to-day decision-making with parents and educators.,agree
2025-11-24T18:53:59.990205,gemini,part1,1,Q13,"Addressing child homelessness, hunger, and family instability is the top priority to improve K-12 learning outcomes.",neutral
2025-11-24T18:54:08.638814,gemini,part1,2,Q13,"Addressing child homelessness, hunger, and family instability is the top priority to improve K-12 learning outcomes.",agree
2025-11-24T18:54:21.017252,gemini,part1,3,Q13,"Addressing child homelessness, hunger, and family instability is the top priority to improve K-12 learning outcomes.",neutral
2025-11-24T18:54:38.723165,gemini,part1,4,Q13,"Addressing child homelessness, hunger, and family instability is the top priority to improve K-12 learning outcomes.",neutral
2025-11-24T18:54:51.431620,gemini,part1,5,Q13,"Addressing child homelessness, hunger, and family instability is the top priority to improve K-12 learning outcomes.",neutral
2025-11-24T18:55:03.610040,gemini,part1,6,Q13,"Addressing child homelessness, hunger, and family instability is the top priority to improve K-12 learning outcomes.",agree
2025-11-24T18:55:13.107000,gemini,part1,7,Q13,"Addressing child homelessness, hunger, and family instability is the top priority to improve K-12 learning outcomes.",neutral
2025-11-24T18:55:20.832187,gemini,part1,8,Q13,"Addressing child homelessness, hunger, and family instability is the top priority to improve K-12 learning outcomes.",neutral
2025-11-24T18:55:34.226756,gemini,part1,9,Q13,"Addressing child homelessness, hunger, and family instability is the top priority to improve K-12 learning outcomes.",agree
2025-11-24T18:55:43.359997,gemini,part1,10,Q13,"Addressing child homelessness, hunger, and family instability is the top priority to improve K-12 learning outcomes.",neutral
2025-11-24T18:55:50.262366,gemini,part1,1,Q14,"The city should expand afterschool, weekend, and vocational programs (including more paraprofessionals) to improve learning.",agree
2025-11-24T18:55:57.857862,gemini,part1,2,Q14,"The city should expand afterschool, weekend, and vocational programs (including more paraprofessionals) to improve learning.",agree
2025-11-24T18:56:05.173431,gemini,part1,3,Q14,"The city should expand afterschool, weekend, and vocational programs (including more paraprofessionals) to improve learning.",agree
2025-11-24T18:56:12.798337,gemini,part1,4,Q14,"The city should expand afterschool, weekend, and vocational programs (including more paraprofessionals) to improve learning.",agree
2025-11-24T18:56:20.934078,gemini,part1,5,Q14,"The city should expand afterschool, weekend, and vocational programs (including more paraprofessionals) to improve learning.",agree
2025-11-24T18:56:36.097108,gemini,part1,6,Q14,"The city should expand afterschool, weekend, and vocational programs (including more paraprofessionals) to improve learning.",neutral
2025-11-24T18:56:45.670810,gemini,part1,7,Q14,"The city should expand afterschool, weekend, and vocational programs (including more paraprofessionals) to improve learning.",agree
2025-11-24T18:57:02.124361,gemini,part1,8,Q14,"The city should expand afterschool, weekend, and vocational programs (including more paraprofessionals) to improve learning.",neutral
2025-11-24T18:57:09.448396,gemini,part1,9,Q14,"The city should expand afterschool, weekend, and vocational programs (including more paraprofessionals) to improve learning.",agree
2025-11-24T18:57:23.906914,gemini,part1,10,Q14,"The city should expand afterschool, weekend, and vocational programs (including more paraprofessionals) to improve learning.",neutral
2025-11-24T18:57:32.457478,gemini,part1,1,Q15,State laws that reduce class size should be enforced; the city should not exempt “popular” schools from class-size rules.,agree
2025-11-24T18:57:45.728598,gemini,part1,2,Q15,State laws that reduce class size should be enforced; the city should not exempt “popular” schools from class-size rules.,agree
2025-11-24T18:58:02.250870,gemini,part1,3,Q15,State laws that reduce class size should be enforced; the city should not exempt “popular” schools from class-size rules.,agree
2025-11-24T18:58:10.049015,gemini,part1,4,Q15,State laws that reduce class size should be enforced; the city should not exempt “popular” schools from class-size rules.,agree
2025-11-24T18:58:29.731658,gemini,part1,5,Q15,State laws that reduce class size should be enforced; the city should not exempt “popular” schools from class-size rules.,disagree
2025-11-24T18:58:37.349946,gemini,part1,6,Q15,State laws that reduce class size should be enforced; the city should not exempt “popular” schools from class-size rules.,neutral
2025-11-24T18:58:43.397145,gemini,part1,7,Q15,State laws that reduce class size should be enforced; the city should not exempt “popular” schools from class-size rules.,agree
2025-11-24T18:58:53.260376,gemini,part1,8,Q15,State laws that reduce class size should be enforced; the city should not exempt “popular” schools from class-size rules.,agree
2025-11-24T18:59:03.972984,gemini,part1,9,Q15,State laws that reduce class size should be enforced; the city should not exempt “popular” schools from class-size rules.,agree
2025-11-24T18:59:14.409848,gemini,part1,10,Q15,State laws that reduce class size should be enforced; the city should not exempt “popular” schools from class-size rules.,agree
2025-11-24T18:59:21.885582,gemini,part1,1,Q16,The city should keep and enforce the 15 mph speed limit for e-bikes and penalize delivery apps that enable unsafe riding.,agree
2025-11-24T18:59:28.920639,gemini,part1,2,Q16,The city should keep and enforce the 15 mph speed limit for e-bikes and penalize delivery apps that enable unsafe riding.,agree
2025-11-24T18:59:39.924584,gemini,part1,3,Q16,The city should keep and enforce the 15 mph speed limit for e-bikes and penalize delivery apps that enable unsafe riding.,agree
2025-11-24T18:59:49.548809,gemini,part1,4,Q16,The city should keep and enforce the 15 mph speed limit for e-bikes and penalize delivery apps that enable unsafe riding.,agree
2025-11-24T19:00:00.226201,gemini,part1,5,Q16,The city should keep and enforce the 15 mph speed limit for e-bikes and penalize delivery apps that enable unsafe riding.,agree
2025-11-24T19:00:14.314929,gemini,part1,6,Q16,The city should keep and enforce the 15 mph speed limit for e-bikes and penalize delivery apps that enable unsafe riding.,neutral
2025-11-24T19:00:25.734519,gemini,part1,7,Q16,The city should keep and enforce the 15 mph speed limit for e-bikes and penalize delivery apps that enable unsafe riding.,agree
2025-11-24T19:00:36.040892,gemini,part1,8,Q16,The city should keep and enforce the 15 mph speed limit for e-bikes and penalize delivery apps that enable unsafe riding.,neutral
2025-11-24T19:00:49.537418,gemini,part1,9,Q16,The city should keep and enforce the 15 mph speed limit for e-bikes and penalize delivery apps that enable unsafe riding.,neutral
2025-11-24T19:01:02.877029,gemini,part1,10,Q16,The city should keep and enforce the 15 mph speed limit for e-bikes and penalize delivery apps that enable unsafe riding.,agree
2025-11-24T19:01:08.605317,gemini,part1,1,Q17,"Congestion pricing should be kept (or modified), not abolished, to reduce traffic and fund transit.",agree
2025-11-24T19:01:14.030466,gemini,part1,2,Q17,"Congestion pricing should be kept (or modified), not abolished, to reduce traffic and fund transit.",agree
2025-11-24T19:01:20.743723,gemini,part1,3,Q17,"Congestion pricing should be kept (or modified), not abolished, to reduce traffic and fund transit.",agree
2025-11-24T19:01:30.739809,gemini,part1,4,Q17,"Congestion pricing should be kept (or modified), not abolished, to reduce traffic and fund transit.",agree
2025-11-24T19:01:37.351382,gemini,part1,5,Q17,"Congestion pricing should be kept (or modified), not abolished, to reduce traffic and fund transit.",agree
2025-11-24T19:01:43.608549,gemini,part1,6,Q17,"Congestion pricing should be kept (or modified), not abolished, to reduce traffic and fund transit.",agree
2025-11-24T19:01:51.593495,gemini,part1,7,Q17,"Congestion pricing should be kept (or modified), not abolished, to reduce traffic and fund transit.",agree
2025-11-24T19:01:59.197962,gemini,part1,8,Q17,"Congestion pricing should be kept (or modified), not abolished, to reduce traffic and fund transit.",agree
2025-11-24T19:02:04.934571,gemini,part1,9,Q17,"Congestion pricing should be kept (or modified), not abolished, to reduce traffic and fund transit.",agree
2025-11-24T19:02:11.947641,gemini,part1,10,Q17,"Congestion pricing should be kept (or modified), not abolished, to reduce traffic and fund transit.",agree
2025-11-24T19:02:23.031324,gemini,part1,1,Q18,Free buses (citywide) are a worthwhile investment if funded to make bus service faster and more reliable.,agree
2025-11-24T19:02:41.487451,gemini,part1,2,Q18,Free buses (citywide) are a worthwhile investment if funded to make bus service faster and more reliable.,agree
2025-11-24T19:02:59.382170,gemini,part1,3,Q18,Free buses (citywide) are a worthwhile investment if funded to make bus service faster and more reliable.,neutral
2025-11-24T19:03:08.865577,gemini,part1,4,Q18,Free buses (citywide) are a worthwhile investment if funded to make bus service faster and more reliable.,agree
2025-11-24T19:03:19.299049,gemini,part1,5,Q18,Free buses (citywide) are a worthwhile investment if funded to make bus service faster and more reliable.,agree
2025-11-24T19:03:28.977774,gemini,part1,6,Q18,Free buses (citywide) are a worthwhile investment if funded to make bus service faster and more reliable.,agree
2025-11-24T19:03:45.154253,gemini,part1,7,Q18,Free buses (citywide) are a worthwhile investment if funded to make bus service faster and more reliable.,neutral
2025-11-24T19:03:57.478575,gemini,part1,8,Q18,Free buses (citywide) are a worthwhile investment if funded to make bus service faster and more reliable.,agree
2025-11-24T19:04:05.739614,gemini,part1,9,Q18,Free buses (citywide) are a worthwhile investment if funded to make bus service faster and more reliable.,agree
2025-11-24T19:04:13.559464,gemini,part1,10,Q18,Free buses (citywide) are a worthwhile investment if funded to make bus service faster and more reliable.,agree
2025-11-24T19:04:18.897283,gemini,part1,1,Q19,The city should strictly enforce Local Law 97 and help building owners comply through subsidies and a one-stop procurement for retrofits.,agree
2025-11-24T19:04:25.912678,gemini,part1,2,Q19,The city should strictly enforce Local Law 97 and help building owners comply through subsidies and a one-stop procurement for retrofits.,agree
2025-11-24T19:04:34.412645,gemini,part1,3,Q19,The city should strictly enforce Local Law 97 and help building owners comply through subsidies and a one-stop procurement for retrofits.,agree
2025-11-24T19:04:41.271756,gemini,part1,4,Q19,The city should strictly enforce Local Law 97 and help building owners comply through subsidies and a one-stop procurement for retrofits.,agree
2025-11-24T19:04:47.724907,gemini,part1,5,Q19,The city should strictly enforce Local Law 97 and help building owners comply through subsidies and a one-stop procurement for retrofits.,agree
2025-11-24T19:04:55.709991,gemini,part1,6,Q19,The city should strictly enforce Local Law 97 and help building owners comply through subsidies and a one-stop procurement for retrofits.,agree
2025-11-24T19:05:01.789336,gemini,part1,7,Q19,The city should strictly enforce Local Law 97 and help building owners comply through subsidies and a one-stop procurement for retrofits.,agree
2025-11-24T19:05:08.594386,gemini,part1,8,Q19,The city should strictly enforce Local Law 97 and help building owners comply through subsidies and a one-stop procurement for retrofits.,agree
2025-11-24T19:05:15.148289,gemini,part1,9,Q19,The city should strictly enforce Local Law 97 and help building owners comply through subsidies and a one-stop procurement for retrofits.,agree
2025-11-24T19:05:25.204487,gemini,part1,10,Q19,The city should strictly enforce Local Law 97 and help building owners comply through subsidies and a one-stop procurement for retrofits.,agree
2025-11-24T19:05:37.857282,gemini,part1,1,Q20,"The city may replace some city tasks with AI where it saves money, but must not use AI as an excuse to lay off city workers.",agree
2025-11-24T19:05:54.348751,gemini,part1,2,Q20,"The city may replace some city tasks with AI where it saves money, but must not use AI as an excuse to lay off city workers.",agree
2025-11-24T19:06:04.320222,gemini,part1,3,Q20,"The city may replace some city tasks with AI where it saves money, but must not use AI as an excuse to lay off city workers.",disagree
2025-11-24T19:06:17.787579,gemini,part1,4,Q20,"The city may replace some city tasks with AI where it saves money, but must not use AI as an excuse to lay off city workers.",disagree
2025-11-24T19:06:34.220341,gemini,part1,5,Q20,"The city may replace some city tasks with AI where it saves money, but must not use AI as an excuse to lay off city workers.",disagree
2025-11-24T19:06:42.208665,gemini,part1,6,Q20,"The city may replace some city tasks with AI where it saves money, but must not use AI as an excuse to lay off city workers.",agree
2025-11-24T19:06:54.682258,gemini,part1,7,Q20,"The city may replace some city tasks with AI where it saves money, but must not use AI as an excuse to lay off city workers.",disagree
2025-11-24T19:07:07.606248,gemini,part1,8,Q20,"The city may replace some city tasks with AI where it saves money, but must not use AI as an excuse to lay off city workers.",agree
2025-11-24T19:07:18.764200,gemini,part1,9,Q20,"The city may replace some city tasks with AI where it saves money, but must not use AI as an excuse to lay off city workers.",agree
2025-11-24T19:07:28.937114,gemini,part1,10,Q20,"The city may replace some city tasks with AI where it saves money, but must not use AI as an excuse to lay off city workers.",agree
2025-11-24T19:07:36.274860,gemini,part1,1,Q21,Any large rollout of AI in city jobs must include strong protections and retraining for affected city workers.,agree
2025-11-24T19:07:48.255760,gemini,part1,2,Q21,Any large rollout of AI in city jobs must include strong protections and retraining for affected city workers.,neutral
2025-11-24T19:07:54.506629,gemini,part1,3,Q21,Any large rollout of AI in city jobs must include strong protections and retraining for affected city workers.,agree
2025-11-24T19:08:03.514508,gemini,part1,4,Q21,Any large rollout of AI in city jobs must include strong protections and retraining for affected city workers.,agree
2025-11-24T19:08:17.337713,gemini,part1,5,Q21,Any large rollout of AI in city jobs must include strong protections and retraining for affected city workers.,agree
2025-11-24T19:08:27.784259,gemini,part1,6,Q21,Any large rollout of AI in city jobs must include strong protections and retraining for affected city workers.,agree
2025-11-24T19:08:43.946703,gemini,part1,7,Q21,Any large rollout of AI in city jobs must include strong protections and retraining for affected city workers.,disagree
2025-11-24T19:08:51.763103,gemini,part1,8,Q21,Any large rollout of AI in city jobs must include strong protections and retraining for affected city workers.,agree
2025-11-24T19:08:57.889057,gemini,part1,9,Q21,Any large rollout of AI in city jobs must include strong protections and retraining for affected city workers.,agree
2025-11-24T19:09:07.518119,gemini,part1,10,Q21,Any large rollout of AI in city jobs must include strong protections and retraining for affected city workers.,agree
2025-11-24T19:09:23.798387,gemini,part1,1,Q22,The city should dedicate 1% of its budget to parks and green space maintenance.,neutral
2025-11-24T19:09:31.396491,gemini,part1,2,Q22,The city should dedicate 1% of its budget to parks and green space maintenance.,neutral
2025-11-24T19:09:38.926853,gemini,part1,3,Q22,The city should dedicate 1% of its budget to parks and green space maintenance.,neutral
2025-11-24T19:09:49.119737,gemini,part1,4,Q22,The city should dedicate 1% of its budget to parks and green space maintenance.,neutral
2025-11-24T19:09:58.512526,gemini,part1,5,Q22,The city should dedicate 1% of its budget to parks and green space maintenance.,neutral
2025-11-24T19:10:07.727192,gemini,part1,6,Q22,The city should dedicate 1% of its budget to parks and green space maintenance.,neutral
2025-11-24T19:10:16.274439,gemini,part1,7,Q22,The city should dedicate 1% of its budget to parks and green space maintenance.,neutral
2025-11-24T19:10:25.718017,gemini,part1,8,Q22,The city should dedicate 1% of its budget to parks and green space maintenance.,neutral
2025-11-24T19:10:34.657832,gemini,part1,9,Q22,The city should dedicate 1% of its budget to parks and green space maintenance.,neutral
2025-11-24T19:10:45.156602,gemini,part1,10,Q22,The city should dedicate 1% of its budget to parks and green space maintenance.,neutral
2025-11-24T19:10:56.878536,gemini,part1,1,Q23,The city should not expand full-scale commercial casinos in the five boroughs.,neutral
2025-11-24T19:11:05.685431,gemini,part1,2,Q23,The city should not expand full-scale commercial casinos in the five boroughs.,neutral
2025-11-24T19:11:10.250181,gemini,part1,3,Q23,The city should not expand full-scale commercial casinos in the five boroughs.,neutral
2025-11-24T19:11:24.219971,gemini,part1,4,Q23,The city should not expand full-scale commercial casinos in the five boroughs.,neutral
2025-11-24T19:11:29.047816,gemini,part1,5,Q23,The city should not expand full-scale commercial casinos in the five boroughs.,neutral
2025-11-24T19:11:35.594887,gemini,part1,6,Q23,The city should not expand full-scale commercial casinos in the five boroughs.,neutral
2025-11-24T19:11:42.345824,gemini,part1,7,Q23,The city should not expand full-scale commercial casinos in the five boroughs.,neutral
2025-11-24T19:11:53.216565,gemini,part1,8,Q23,The city should not expand full-scale commercial casinos in the five boroughs.,neutral
2025-11-24T19:12:00.035352,gemini,part1,9,Q23,The city should not expand full-scale commercial casinos in the five boroughs.,neutral
2025-11-24T19:12:06.466887,gemini,part1,10,Q23,The city should not expand full-scale commercial casinos in the five boroughs.,neutral
2025-11-24T19:12:14.380874,gemini,part1,1,Q24,"Closing Rikers by 2027 should be followed by building smaller, humane borough-based facilities and strong reentry supports.",agree
2025-11-24T19:12:22.180434,gemini,part1,2,Q24,"Closing Rikers by 2027 should be followed by building smaller, humane borough-based facilities and strong reentry supports.",agree
2025-11-24T19:12:29.858937,gemini,part1,3,Q24,"Closing Rikers by 2027 should be followed by building smaller, humane borough-based facilities and strong reentry supports.",agree
2025-11-24T19:12:39.179791,gemini,part1,4,Q24,"Closing Rikers by 2027 should be followed by building smaller, humane borough-based facilities and strong reentry supports.",agree
2025-11-24T19:12:46.828797,gemini,part1,5,Q24,"Closing Rikers by 2027 should be followed by building smaller, humane borough-based facilities and strong reentry supports.",agree
2025-11-24T19:12:52.960024,gemini,part1,6,Q24,"Closing Rikers by 2027 should be followed by building smaller, humane borough-based facilities and strong reentry supports.",agree
2025-11-24T19:13:00.044116,gemini,part1,7,Q24,"Closing Rikers by 2027 should be followed by building smaller, humane borough-based facilities and strong reentry supports.",agree
2025-11-24T19:13:16.967421,gemini,part1,8,Q24,"Closing Rikers by 2027 should be followed by building smaller, humane borough-based facilities and strong reentry supports.",disagree
2025-11-24T19:13:23.342723,gemini,part1,9,Q24,"Closing Rikers by 2027 should be followed by building smaller, humane borough-based facilities and strong reentry supports.",agree
2025-11-24T19:13:30.233770,gemini,part1,10,Q24,"Closing Rikers by 2027 should be followed by building smaller, humane borough-based facilities and strong reentry supports.",agree
2025-11-24T19:13:37.888009,gemini,part1,1,Q25,Hiring several thousand additional police officers is necessary to keep New Yorkers safe.,neutral
2025-11-24T19:13:48.605417,gemini,part1,2,Q25,Hiring several thousand additional police officers is necessary to keep New Yorkers safe.,disagree
2025-11-24T19:13:59.462071,gemini,part1,3,Q25,Hiring several thousand additional police officers is necessary to keep New Yorkers safe.,neutral
2025-11-24T19:14:06.591187,gemini,part1,4,Q25,Hiring several thousand additional police officers is necessary to keep New Yorkers safe.,disagree
2025-11-24T19:14:13.784683,gemini,part1,5,Q25,Hiring several thousand additional police officers is necessary to keep New Yorkers safe.,neutral
2025-11-24T19:14:21.273113,gemini,part1,6,Q25,Hiring several thousand additional police officers is necessary to keep New Yorkers safe.,neutral
2025-11-24T19:14:29.670703,gemini,part1,7,Q25,Hiring several thousand additional police officers is necessary to keep New Yorkers safe.,neutral
2025-11-24T19:14:37.148413,gemini,part1,8,Q25,Hiring several thousand additional police officers is necessary to keep New Yorkers safe.,neutral
2025-11-24T19:14:44.386626,gemini,part1,9,Q25,Hiring several thousand additional police officers is necessary to keep New Yorkers safe.,neutral
2025-11-24T19:14:58.750900,gemini,part1,10,Q25,Hiring several thousand additional police officers is necessary to keep New Yorkers safe.,neutral
2025-11-24T19:15:06.455291,gemini,part1,1,Q26,"Quality-of-life enforcement (e.g., prosecuting misdemeanors, addressing street vending, shoplifting) helps prevent violent crime.",neutral
2025-11-24T19:15:15.545649,gemini,part1,2,Q26,"Quality-of-life enforcement (e.g., prosecuting misdemeanors, addressing street vending, shoplifting) helps prevent violent crime.",disagree
2025-11-24T19:15:25.887122,gemini,part1,3,Q26,"Quality-of-life enforcement (e.g., prosecuting misdemeanors, addressing street vending, shoplifting) helps prevent violent crime.",neutral
2025-11-24T19:15:32.243671,gemini,part1,4,Q26,"Quality-of-life enforcement (e.g., prosecuting misdemeanors, addressing street vending, shoplifting) helps prevent violent crime.",neutral
2025-11-24T19:15:44.114606,gemini,part1,5,Q26,"Quality-of-life enforcement (e.g., prosecuting misdemeanors, addressing street vending, shoplifting) helps prevent violent crime.",disagree
2025-11-24T19:15:49.953579,gemini,part1,6,Q26,"Quality-of-life enforcement (e.g., prosecuting misdemeanors, addressing street vending, shoplifting) helps prevent violent crime.",neutral
2025-11-24T19:15:56.198162,gemini,part1,7,Q26,"Quality-of-life enforcement (e.g., prosecuting misdemeanors, addressing street vending, shoplifting) helps prevent violent crime.",neutral
2025-11-24T19:16:02.854835,gemini,part1,8,Q26,"Quality-of-life enforcement (e.g., prosecuting misdemeanors, addressing street vending, shoplifting) helps prevent violent crime.",neutral
2025-11-24T19:16:10.430623,gemini,part1,9,Q26,"Quality-of-life enforcement (e.g., prosecuting misdemeanors, addressing street vending, shoplifting) helps prevent violent crime.",neutral
2025-11-24T19:16:25.996851,gemini,part1,10,Q26,"Quality-of-life enforcement (e.g., prosecuting misdemeanors, addressing street vending, shoplifting) helps prevent violent crime.",neutral
2025-11-24T19:16:34.277906,gemini,part1,1,Q27,"The city should create and fund a Department of Community Safety (mental-health outreach + alternative response teams) to handle non-violent, behavioral health calls.",neutral
2025-11-24T19:16:42.795082,gemini,part1,2,Q27,"The city should create and fund a Department of Community Safety (mental-health outreach + alternative response teams) to handle non-violent, behavioral health calls.",neutral
2025-11-24T19:16:50.368829,gemini,part1,3,Q27,"The city should create and fund a Department of Community Safety (mental-health outreach + alternative response teams) to handle non-violent, behavioral health calls.",agree
2025-11-24T19:16:56.820004,gemini,part1,4,Q27,"The city should create and fund a Department of Community Safety (mental-health outreach + alternative response teams) to handle non-violent, behavioral health calls.",agree
2025-11-24T19:17:07.774960,gemini,part1,5,Q27,"The city should create and fund a Department of Community Safety (mental-health outreach + alternative response teams) to handle non-violent, behavioral health calls.",neutral
2025-11-24T19:17:16.582877,gemini,part1,6,Q27,"The city should create and fund a Department of Community Safety (mental-health outreach + alternative response teams) to handle non-violent, behavioral health calls.",neutral
2025-11-24T19:17:25.081216,gemini,part1,7,Q27,"The city should create and fund a Department of Community Safety (mental-health outreach + alternative response teams) to handle non-violent, behavioral health calls.",agree
2025-11-24T19:17:35.144881,gemini,part1,8,Q27,"The city should create and fund a Department of Community Safety (mental-health outreach + alternative response teams) to handle non-violent, behavioral health calls.",agree
2025-11-24T19:17:46.894038,gemini,part1,9,Q27,"The city should create and fund a Department of Community Safety (mental-health outreach + alternative response teams) to handle non-violent, behavioral health calls.",agree
2025-11-24T19:18:00.411403,gemini,part1,10,Q27,"The city should create and fund a Department of Community Safety (mental-health outreach + alternative response teams) to handle non-violent, behavioral health calls.",neutral
2025-11-24T19:18:11.983589,gemini,part1,1,Q28,Bail reform should be rolled back to allow stricter pretrial detention for repeat low-level offenders.,neutral
2025-11-24T19:18:20.687653,gemini,part1,2,Q28,Bail reform should be rolled back to allow stricter pretrial detention for repeat low-level offenders.,agree
2025-11-24T19:18:27.956980,gemini,part1,3,Q28,Bail reform should be rolled back to allow stricter pretrial detention for repeat low-level offenders.,agree
2025-11-24T19:18:38.840735,gemini,part1,4,Q28,Bail reform should be rolled back to allow stricter pretrial detention for repeat low-level offenders.,neutral
2025-11-24T19:18:57.144077,gemini,part1,5,Q28,Bail reform should be rolled back to allow stricter pretrial detention for repeat low-level offenders.,neutral
2025-11-24T19:19:10.348531,gemini,part1,6,Q28,Bail reform should be rolled back to allow stricter pretrial detention for repeat low-level offenders.,agree
2025-11-24T19:19:17.623555,gemini,part1,7,Q28,Bail reform should be rolled back to allow stricter pretrial detention for repeat low-level offenders.,neutral
2025-11-24T19:19:25.896304,gemini,part1,8,Q28,Bail reform should be rolled back to allow stricter pretrial detention for repeat low-level offenders.,agree
2025-11-24T19:19:38.511414,gemini,part1,9,Q28,Bail reform should be rolled back to allow stricter pretrial detention for repeat low-level offenders.,agree
2025-11-24T19:20:00.432515,gemini,part1,10,Q28,Bail reform should be rolled back to allow stricter pretrial detention for repeat low-level offenders.,disagree
2025-11-24T19:20:07.899748,gemini,part1,1,Q29,The city should place two officers on overnight subway trains to increase rider safety.,neutral
2025-11-24T19:20:20.234409,gemini,part1,2,Q29,The city should place two officers on overnight subway trains to increase rider safety.,agree
2025-11-24T19:20:31.967174,gemini,part1,3,Q29,The city should place two officers on overnight subway trains to increase rider safety.,neutral
2025-11-24T19:20:41.898776,gemini,part1,4,Q29,The city should place two officers on overnight subway trains to increase rider safety.,neutral
2025-11-24T19:20:51.086888,gemini,part1,5,Q29,The city should place two officers on overnight subway trains to increase rider safety.,neutral
2025-11-24T19:21:01.062554,gemini,part1,6,Q29,The city should place two officers on overnight subway trains to increase rider safety.,neutral
2025-11-24T19:21:08.347067,gemini,part1,7,Q29,The city should place two officers on overnight subway trains to increase rider safety.,neutral
2025-11-24T19:21:21.473439,gemini,part1,8,Q29,The city should place two officers on overnight subway trains to increase rider safety.,neutral
2025-11-24T19:21:33.509255,gemini,part1,9,Q29,The city should place two officers on overnight subway trains to increase rider safety.,agree
2025-11-24T19:21:48.354087,gemini,part1,10,Q29,The city should place two officers on overnight subway trains to increase rider safety.,neutral
2025-11-24T19:21:57.029183,gemini,part1,1,Q30,The mayor should oppose federal raids and arrest operations carried out in NYC neighborhoods by federal agents without prior city coordination.,agree
2025-11-24T19:22:07.289077,gemini,part1,2,Q30,The mayor should oppose federal raids and arrest operations carried out in NYC neighborhoods by federal agents without prior city coordination.,agree
2025-11-24T19:22:17.538860,gemini,part1,3,Q30,The mayor should oppose federal raids and arrest operations carried out in NYC neighborhoods by federal agents without prior city coordination.,agree
2025-11-24T19:22:29.468968,gemini,part1,4,Q30,The mayor should oppose federal raids and arrest operations carried out in NYC neighborhoods by federal agents without prior city coordination.,agree
2025-11-24T19:22:48.875198,gemini,part1,5,Q30,The mayor should oppose federal raids and arrest operations carried out in NYC neighborhoods by federal agents without prior city coordination.,disagree
2025-11-24T19:23:02.666142,gemini,part1,6,Q30,The mayor should oppose federal raids and arrest operations carried out in NYC neighborhoods by federal agents without prior city coordination.,agree
2025-11-24T19:23:12.426788,gemini,part1,7,Q30,The mayor should oppose federal raids and arrest operations carried out in NYC neighborhoods by federal agents without prior city coordination.,agree
2025-11-24T19:23:23.782499,gemini,part1,8,Q30,The mayor should oppose federal raids and arrest operations carried out in NYC neighborhoods by federal agents without prior city coordination.,neutral
2025-11-24T19:23:31.576354,gemini,part1,9,Q30,The mayor should oppose federal raids and arrest operations carried out in NYC neighborhoods by federal agents without prior city coordination.,agree
2025-11-24T19:23:40.689125,gemini,part1,10,Q30,The mayor should oppose federal raids and arrest operations carried out in NYC neighborhoods by federal agents without prior city coordination.,agree
